Question, A, B, C, D, E
Адилтгах замаар зөв хариултыг сонгоно уу., 8000 жилийн өмнө, 300000 жилийн өмнө, 40000 жилийн өмнө, 12000 жилийн өмнө, 800000 жилийн өмнө
Дээд палеолитын үед холбогдох Ховд аймгийн Буянт сумын нутагт орших Чандмань Хар үзүүрийн хадны зургийг ямар аргаар зурсан бэ?, Хийсвэр, Зосон, Амьтны загварт урлаг, Хадны зураг, Сийлмэл
Монгол орны өмнөд, төв, умард нутгуудад хүмүүс газар сууц бүхий суурин байгуулж, удаан хугацаагаар амьдарсан ул мөр аль үед холбогдох вэ?, Неолит, Палеолит, Мезолит, Энеолит, Хүрлийн үе
Неолитын үеийн Баянзагийн суурингаас аж ахуйн зориулалттай самбар чулуу, нухуур чулуун багаж олджээ. Үүнд дүгнэлт өгнө үү., Неолитын үеийн чулуун багаж зэвсгүүд том хэмжээтэй байжээ., Самбар, нухуур чулууг ашиглаж ан амьтан агнадаг байжээ., Үр тариа цайруулж хүнсэндээ хэрэглэдэг байжээ., Хүмүүсийн дунд эд хөрөнгө, эрх мэдлийн ялгарал байсан., Самбар нухуур чулуугаар эмэгтэйчүүд гоёлын зүйлс хийдэг байсан.
"Хүрэл, түрүү төмрийн үед холбогдох, Евразийн нүүдэлчдийн амьтны загварт урлагийн бүтээлүүдээс онцгой байр суурь эзэлдэг түүхэн дурсгал аль нь вэ?", Хиргисүүр, Буган хөшөө, Дөрвөлжин булш, Хадны зураг, Түүвэр олдвор
Монголчуудын байгуулсан анхны төрт улс аль нь вэ?, Жужан, Сяньби, Хүннү, Хятан, Их Монгол улс
"НТӨ IV зуунд хятадын Жао зэрэг ванлигууд нүүдэлчдийн хувцсыг өмсөж, нум сумт морьт цэрэг байгуулжээ. Үүний учир шалтгаан юу вэ?", Нүүдэлчид нийгэм эдийн засгийн хөгжлөөр хятадаас илүү учир, Хятадын Жао ванлиг нүүдэлчдээс цэргийн талаар дутуу учир, Нүүдэлчид анх нум сум зохиож, дайнд ашиглах болсон учир, Нүүдэлчдийн амьдралын хэв маяг суурин орнуудад дэлгэрч байсан учир, Жао ванлиг тагнан турших, шинэ газар нутгийг байлдан эзлэхийн тулд
Моюнчур хааны үед ямар улс цэцэглэн хөгжсөн бэ?, Жужан, Түрэг, Хятан, Уйгур, Сяньби
"Эртний улсуудад аж ахуй, цэрэг дайны явдалд чухал үүрэгтэй нь аль вэ?", Адуу, Бог мал, Үхэр, Тэмээ, Илжиг, луус
Гиюй (Лаошан) шаньюйд Хань улсын ордны тайган Жун Хан хүчин зүтгэж байхдаа “Хүннүгийн хүн ам Хань улсын нэг тойрогт хүрэхгүй. Хүчирхэг байгаагийн шалтгаан нь хоол унд, хувцас хунар өөр. Хань улсад түшиглэхгүй учир болой” гэсэн сурвалжийн мэдээ нь ямар утга санааг илэрхийлж байна вэ?, Хүннү нар Хань улсын хүн амаас цөөн байсан учир хүчирхэг биш байсан., Хүннү улс Хань улсад түшиглэдэг байсан учир хүчирхэг байсан., Хүннү улс нийгэм, соёлын хувьд бие даасан хүчирхэг улс байсан., Хань улсын хүн ам Хүннүгээс олон байсан учир хүчирхэг байсан., Хүннү нар Хань улстай хувцас хунар, хоол, идээ ижил байсан.
"Бурхны шашнаар дамжин эртний Энэтхэгийн төр, шашны хослон барих ""хоёр ёс""-ыг аль улсын үеэс дэлгэрч төрийн үзэл суртал болсон бэ?", Хүннү, Сяньби, Хятан, Түрэг, Жужан
Монголын эртний улсуудын соёлоос Хүннү улсын үед аль нь холбогдох вэ?, 3, 5, 1, 2, 2, 3, 2, 4, 1, 5
1147 онд Монголчууд Алтан улстай дайтан ялжээ. Уг оныг зуунд шилжүүлнэ үү., XI зууны I хагас, XIII зууны I хагас, XII зууны II хагас, XII зууны I хагас, XI зууны II хагас
“Хоёр наран ургаваас Худгийн усан ширгэюү Хоёр хаан сууваас Хамаг улсаа баръюу” хэмээн ямар сурвалжид тэмдэглэгдсэн бэ?, Дорно этгээдэд зорчсон тэмдэглэл, Монголын нууц товчоо, Судрын чуулган, Ертөнцийг байлдан дагуулагчийн түүх, Лу.Алтан товч
Чингис хааны өмнөх үеийн Монголчуудад 1. Нийгмийн зохион байгуулалт 2. Нийгмийн давхраажилт 3. Аж ахуй холбогдох ойлголтыг зөв тохируулна уу., 1b 2a 3c, 1а 2b 3c, 1b 2c 3a, 1c 2a 3b, 1а 2c 3b
Их Монгол улсын үйл хэргийг удирдан явуулах нийт ноёдыг даргалах үүргийг хэнд хариуцуулсан бэ?, Хубилай, Шихихутуг, Цагадай, Го ван Мухулай, Үсүн өвгөн
1219 онд Чингис хаан Хорезм улс руу довтлох болсон шалтгаан юу вэ?, Эцэг өвгөдийн гэрээсийг биелүүлэх, аюулгүй байдлаа хангасан учир, Аян дайны үед баруун гар болох холбоотны үүргээ биелүүлээгүй учир, 450 худалдаачдыг хөнөөж, элчийг хороож доромжилсон учир, Төрийн эрхэнд гарсан Найманы Таян ханы хүү Хүчүлүгийг дарах учир, Хорезм улс, Алтан улстай Монголын эсрэг гэрээ байгуулсан учир
Чингис хааны Монголын түүхэнд гүйцэтгэсэн үүргийг ялгана уу., 1, 2, 3, 1, 4, 6, 3, 4, 5, 2, 3, 6, 4, 5, 6
1246 онд Тамирын Шар ордонд Гүюгийг хаан өргөмжлөв. Чингисийн хэдэн он бэ?, Чингисийн 83 он, Чингисийн 84 он, Чингисийн 85 он, Чингисийн 40 он, Чингисийн 57 он
Мин улсын их цэрэг Хархорум хотыг хэдэн онд эвдлэн сүйтгэж шатаасан бэ?, 1374 он, 1368 он, 1388 он, 1380 он, 1387 он
"Мин улс Монголчуудын цэрэглэх чадварыг бууруулах, адуун сүргийн бүтцийг алдагдуулах, өөрсдийн аюулгүй байдлыг хамгаалах, хүчээ зузаатгахын тулд ямар бодлогыг хэрэгжүүлсэн бэ?", Цэрэглэх чадварыг бууруулах бодлого, Жижиг захын бодлого, Шинэ засгийн бодлого, Сарын захын бодлого, Адуун засгийн бодлого
"XVII зууны үеийн бие даасан улсуудаас Цорос, Галдан бошгот, чуулган зэрэг ойлголтууд нь аль улсад холбогдох вэ?", Зүүнгарын хаант улс, Өвөр Монгол, Халхын хаант улс, Хошууд улс, Хотгойд улс
"Халх, Ойрад, Халимаг, Хошуудын эрх баригч 28 ноён язгууртнууд Тарвагатайн Улаан бураа хэмээх газар чуулган чуулж “Их цааз”-ыг хэзээ баталсан бэ?", 1688 он, 1636 он, 1640 он, 1691 он, 1755 он
1586 онд Абтай сайн ханы байгуулсан хийдийг 2004 онд Дэлхийн соёлын өвд бүртгэжээ. Энэ ямар хийд вэ?, Амарбаясгалант хийд, Эрдэнэзуу хийд, Манзуширын хийд, Шанхын хийд, Хөгнө Тарнын хийд
Монголын нийгэмд үзүүлсэн шарын шашны эерэг нөлөөнд аль нь хамааралгүй вэ?, Энэтхэг, Төвөдийн соёлыг дэлгэрүүлсэн., Монголчуудыг номхон хүлцэнгүй болгосон., Бөөгийн хойлголох зан үйлийг халсан., Оюун санааны хувьд нэгдэх хүчин зүйл болсон., Нийт ард олны дунд нэвтэрч, зонхилох шашин болсон.
XVI-XVII зуунд Монголчуудын зохиосон бичиг үсгийг цаг хугацаагаар нь эхлэлээс төгсгөл рүү зөв эрэмбэлсэн хэсгийг сонгоно уу., 1, 3, 2, 1, 2, 3, 2, 1, 3, 3, 1, 2, 3, 2, 1
Манж Чин улсын эрхшээлд орсон Монголын хаант улсуудын эзлэгдсэн оныг зөв ялгасан хэсгийг сонгоно уу., 1, 3, 5, 1, 2, 3, 1, 4, 5, 2, 3, 4, 2, 3, 5
Лигдэн хаан хатуу засаглалд шилжиж, улс орноо цэргийн хүчээр нэгтгэхийг зорьж байсан нь ямар бодлогод хамаарах вэ?, Дайчин төрөөр нэгтгэх бодлого, Тайван төрөөр нэгтгэх бодлого, Шинэ засгийн бодлого, Шинэ эргэлтийн бодлого, Адуун засгийн бодлого
1607 онд харьяат нараа авч баруун хойш Тоболь голын эхэнд нүүж очсон Ойрадын ноён хэн бэ?, Хо өрлөг, Эрдэнэбаатар хунтайж, Төрбайх гүүш, Санжжав, Аюук
Сөнөдийн Тэнгис ван харьяатаа дагуулан Халхын Сэцэн хан Шолойг түшихээр хэдэн онд ирсэн бэ?, 1639, 1648, 1646, 1640, 1636
Галдан хаан Халх улсад довтолсны гол үр дагавар юу вэ?, Халхын хойд нутгийг Хаант Орос улсад алдахад хүргэсэн., Халх Монголыг Манжид дагаар ороход хүргэсэн., Халх улсын дотоод хэрэгт Манж Чин улс оролцохоо больсон., Зүүнгар улсын эдийн засаг, цэргийн хүч чадлыг сулруулсан., Монголын дотоод хэрэгт Төвөдийн Далай ламыг оролцуулсан.
XIX-XX зууны эхэн үеийн Халхын 4 аймгийг газар зүгийн байршлаар нь баруунаас зүүн рүү зөв эрэмбэлнэ үү., 3, 2, 1, 4, 3, 1, 2, 4, 2, 3, 1, 4, 4, 1, 2, 3, 2, 4, 1, 3
Монголчууд шинэ засгийн бодлогыг эсэргүүцэх хөдөлгөөн ямар уриан дор өрнөж байсан бэ?, Хятад-Манжаас салах цаг боллоо, Харийнхныг зогсоох, Монгол овогтон бүгдээр нийлэх, Язгуурын ёсоо журамлах, Тусгаар тогтносон улс болох
Дараах үйл явдлыг утгаар нь зөв харгалзуулна уу., a2 b1 c3, a1 b2 c3, a3 b2 c1, a3 b1 c2, a2 b3 c1
1911 оны Монгол улсын засгийн газрын сангийн яамны сайд хэн бэ?, Э.Намсрай, С.Гомбосүрэн, М.Ханддорж, Г.Цэрэнчимэд, Г.Чагдаржав
1913 онд “Монгол улсын хязгаарын доторх олон зүйлийн уурхайг нээн шийтгэх дүрэм хэмжээ”-г батлав. Дүрэмд зааснаар олборлосон чулуун нүүрсний орлогын хэдэн хувийг татварлах вэ?, 5-10%, 10-15%, 20-30%, 30-60%, 20-50%
1921 оны хувьсгалын түүхэн зүтгэлтнүүдийг зөв ялгасан хэсгийг сонгоно уу., 2, 4, 1, 3, 5, 6, 2, 1, 1, 4
1921 оны хувьсгалд холбогдох үйл явдлыг он цагийн хувьд зөв дараалалд оруулсныг сонгоно уу., 1, 2, 3, 3, 2, 1, 2, 3, 1, 1, 3, 2, 2, 1, 3
1921 оны намар Толбо нуурт 42 хоног бүслэгдэн байлдсан цэргүүдийг хэн хэн удирдсан бэ?, М.Дугаржав, Ц.Бумцэнд, Хатанбаатар Магсаржав, Манлайбаатар Дамдинсүрэн, Д.Сүхбаатар, Х.Чойбалсан, Хасбаатар, Дамбадорж
Зөвлөлт-Хятадын 15 зүйлт гэрээ бичгийн 5-р зүйлд (1924.5.31) “Зөвлөлт Засгийн газар Гадаад Монгол нь Дундад Иргэн Улсын нэг хэсэг мөн болохыг хүлээн зөвшөөрөх бөгөөд уг нутаг дэвсгэр дэх Хятадын бүрэн эрхийг хүндэтгэнэ” хэмээх сурвалжийн мэдээнд дүгнэлт хийнэ үү., Уг гэрээгээр Зөвлөлтийн засгийн газар Хятадтай нийлж Монголын газар нутгийг хувааж өөрийн нөлөөг тогтоосон., Уг гэрээгээр Зөвлөлтийн засгийн газар Монгол улсыг өөрийн нэг хэсэг гэж үзсэн., Уг гэрээгээр Монгол улсын тусгаар тогтнолыг олон улсын хэмжээнд хүлээн зөвшөөрөх боломжийг хаасан., Уг гэрээгээр Зөвлөлтийн засгийн газар Монголын тусгаар тогтнолыг Хятадаар зөвшөөрүүлэх бодлого явуулсан., Уг гэрээгээр Зөвлөлтийн засгийн газар Хятадтай харилцахын тулд Монголыг ашигладаг байсан.
Анхдугаар Үндсэн хуулиар улсын нэрийг хэрхэн өөрчилсөн бэ?, Монгол улс, Бүгд Найрамдах Монгол ард улс, Олноо өргөгдсөн Монгол улс, Хэмжээт цаазат Монгол улс, Богд хаант Монгол улс
Монгол улс Бүгд найрамдах засаглалд шилжиж, анхдугаар үндсэн хуулиа баталсны 100 жилийн ой хэдэн онд тохиох вэ?, 2024 он, 2031 он, 2040 он, 2041 он, 2060 он
1935 онд нийт хүн амын 5,6 хувь нь бичигтэй байсан бол 1940 онд 20,8 хувь болж нэмэгдсэн нь ямар бодлогын үр дүн бэ?, Шинэ сэргэлтийн бодлого, Эдийн засгийн үндсэн бодлого, Шинэчлэлийн бодлого, Шинэ засгийн бодлого, Шинэ эргэлтийн бодлого
Тусгаар тогтнолоо Хятадаар зөвшөөрүүлэх нөхцөлийг хангасан бүх нийтийн санал хураалт хэзээ болсон бэ?, 1924.11.26, 1945.9.21, 1911.12.29, 1945.10.20, 1921.7.11
1960-1990 онд Монголд улс төрийн ямар дэглэм тогтсон бэ?, Ардчилсан, Тоталитар, Авторитар, Бүгд найрамдах, Цэргийн
1979 оны МАХН-ын Төв Хорооны тогтоолд “... Хир буртаг өчүүхэн ч хүргэхгүй нандигнан хайрлаж, тахин шүтэж байх зүйл маань нэгдүгээрт нийгмийн өмч, хоёрдугаарт социалист өмчийг цогцлоон бүрдүүлэгч эх үүсвэр болсон ариун цагаан хөдөлмөр мөн” хэмээх сурвалжийн мэдээ түүхэн ямар үйл явдлыг илэрхийлж байна вэ?, Соёлын довтолгоо, Намын эсрэг бүлэглэл, Нэгдэлжих хөдөлгөөн, Сэхээтний төөрөгдөл, Атрын аян
Хүйтэн дайны үеийн сөргөлдөгч талуудад орох улсууд аль нь вэ?, Капиталист орнууд- АНУ, Их Британи, Социалист ордууд- ?, Голланд, Бельги, Баруун Герман, Вьетнам, Дани, Умард Солонгос, Франц, Унгар, Монгол, Польш
Өгөгдлийг ашиглаж зөв хариултыг сонгоно уу. (Олноо өргөгдсөний 12 он+Ардын хувьсгалын 73 жилийн ой):2+4=?, 1945 оны Чөлөөлөх дайн болов., 1981 онд Монгол хүн сансарт нисэв., 1939 оны Халх голын дайн болов., 1961 онд Монгол улс НҮБ-д элсэв., 1976 онд Атрын II аян өрнөв.
МАХН-ын Төв Хорооны Улс Төрийн Товчоо огцрохоо мэдэгдэж, улс төрийн өлсгөлөн хэзээ зогссон бэ?, 1990.3.23, 1990.3.9, 1990.3.12, 1992.1.13, 1990.3.2
1990 оны ардчилсан хувьсгал гарах болсон учир шалтгааныг зөв харгалзуулна уу., 1c,d 2a,b, 1a,c 2b,d, 1b,a 2c,d, 1d,a 2c,b, 1b,d 2a,c
Монгол улсын анхны ерөнхийлөгч хэн бэ?, Н.Энхбаяр, П.Очирбат, Ц.Элбэгдорж, Н.Багабанди, Х.Баттулга
1992 оны Үндсэн хуулиар гүйцэтгэх эрх мэдлийг хэрэгжүүлэгч байгууллага аль нь вэ?, Ерөнхийлөгч, Улсын Их Хурал, Шүүх, Үндсэн хуулийн цэц, Засгийн газар
Их Монгол улсаа тунхагласны 800 жилийн ой хэдэн онд тохиосон бэ?, 2006 он, 2002 он, 2022 он, 2009 он, 1990 он
