Index,Question,A,B,C,D,E,Answer,Subject
0,Бүгд дүрслэх язгуураас бүтсэн хэсгийг олоорой.,"сарвалзах, сунгах, лугших ","хагалах, цоолох, бэртэх","бархирах, шаржигнах, бяцлах","сарталзах, цөмлөх, бувтнах","сагсалзах, угзрах, годгонох",E,mongolian
1,Цэгийн оронд тохирохыг сонгоно уу. Эш татсан зүйлд энд тэндээс орхисон бол тэрхүү орхисон газарт ..................... тавина.,цуваа цэг (…) ,богино зураас (-) ,цэгтэй таслал (;),давхар цэг (:) ,"таслалтай зураас (,-)",A,mongolian
2,Утгын нэгэн зүйлчлэлд хамаарах хэсгийг олоорой.,"данс, хөрөнгө, тэгшитгэл ","рубль, юань, фонд, евро"," бордоо, хөрс, цэвдэг, хлор","мангани, азот, магни, хүхэр","онцолбор, дэвсвэр, урвал",D,mongolian
3,Төрөл үгээс бүрдсэн хэсгийг олоорой.,"амлалт, амбан, амсар, амгай","ургамал, ургац, ургалт, ураглах","сэрэмж, сэргэлэн, сэргэлт, сэргэг","бодлого, бодолт, бодгаль, бодит","будан, будаг, будалт, будаа",C,mongolian
4,Үгийн сангийн онцлогоороо ялгаатай нь аль вэ?,"өртөө, улаа, алба, ажил, манз ","намбух, улаач, шууданч, их хурал","хэвтүүл, цэрэг, чийчаан, сүрчиг ","нэгдэл, илгээлт, оточ, эмнэлэг","алба гувчуур, оорцог, их хуралдай",E,mongolian
5,Дараах үгсээс аль нь нутгийн аялгууны үг вэ?,хайрхан,бортого,хөхөл,сийдэм,улаач,D,mongolian
6,Хоёр гишүүнт бүтэцтэй холбоо үгийг олоорой.,Аавын бийд хүнтэй танилцах,Хүнд хүчрийг даван туулах,Эзэн хичээвэл заяа хичээх ,Үлгэр түүхийг анхааралтай унших,Эмчийн заавраар эм уух,B,mongolian
7,"Бүтээврийн нийлцийг зөв холбон бичсэн хэсгийг олоорой. Ишиг тургил+бал/вал тэнгэр муухайрна гэж эмээ өгүүлнэ. Өвөө маань эргэн тойрон+ыг
дурандана. Цай даргитал буц+л+ж байхад айлчин ирсэнд ээж баярлана.","тургилбал, тойроныг, буцлаж","тургилвал, тойрныг, буцалж","тургилбал, тойрныг, буцалж","тургилвал, тойроныг, буцлаж","тургилбал, тойрныг, буцлаж",C,mongolian
8,"Гадаад үгэнд харьяалахын тийн ялгалын “-ийн, -ын” нөхцөлийг зөв дагуулан бичсэн хэсгийг
олоорой.","анкетийн, курсийн, математикын","анкетын, курсын, математикын","анкетийн, курсын, математикийн","анкетын, курсийн, математикийн","анкетын, курсийн, математикын",D,mongolian
9,Үгсийг утгаар нь зөв ялган бичсэнийг олоорой.,"байцай тарих, гарын сайр","голын саарь, гарын сайр","байцаа тарих, асуун байцаах","байцай тарих, асуун байцайх","голын сайр, гарын саарь",E,mongolian
10,"Д.Цэдэв “Улаан хамбан зодогт буюу тавын даваа” туужийн дараах хэсгүүдийн аль нь
нийгмийн хам сэдвийг илтгэх вэ?","1821 оны үеэс Дорнодын талд нар, салхи амсан байж, чийрэг боргил өссөн Хүдэр гэдэг
хүү айл айлд ачаа тээшний хүндийг өргөн зарцлагдаж явсан юм гэнэ билээ.","Наадмын талбайн баруун зүүн жигүүрт эрээлэн ханхайх монгол үндэсний угалз
мэтгэсэн асрууд харагдана.","Улс даяар «Босоо» гэж алдаршсан суут бөхийн хоч чимгийг барилдахын өмнө
дуулаагүй нь яамай.","Энэ чинь хуучин Сайн ноён ханы Насан арслантай гараа дэвээ нь яасан адилхан юм
бэ! гэж нүдэндээ итгэж ядсан нэгэн өвгөн өгүүлнэ.","Зуны зоосон шар наран Сонгино хайрханы цаагуур далд орох завдан, наадмын
талбайд энэ өдрийн сүүлчийн гэрлээ харамгүй цацрааж байв.",A,mongolian
11,"Д.Цэдэв “Улаан хамбан зодогт буюу тавын даваа” туужийн доорх нөхцөл байдлаас Насангийн туулж өнгөрүүлсэн амьдралыг хэрхэн дүгнэж болох вэ?
Насан хонин сүргээ гэрийнхээ гадаа
тоос татуулан хөөж очоод айх, гайхах
зэрэгцэн зогссон ээждээ «Би бөхчүүл
дагаж наадамд явлаа!» гэж хариу
хүлээх байдалгүй угсруулан хэлээд
саяын хөсгийн хойноос зам хөөж,
наадамчдыг даваан дээр гарахын үес
гүйцжээ. Зориг хүсэл, итгэл тэмүүллийн далбаа нь огтхон ч гудайгаагүй, далан насныхаа
давааг давж яваа өвгөн бүргэд Насан
арслан олон онд барилдаж, газар газрын
хүчтэнийг орхиж омог хав, жаргал
баяслаа хувааж явсан их наадмынхаа
талбай дундуур хүчит хоёр гар даль
жигүүрээ дэлэн дэлсээр л байж билээ.",Хүсэл тэмүүлэлтэй амьдарсныг,"Хүчит арслан болж, он он барилдсаныг",Жирийн хоньчин хүүгээс хүчит арслан болсныг,"Аливаад бууж өгөлгүй, сөрөн тэмцэж ирснийг",Шантарч мятаршгүй амьдарсныг,A,mongolian
12,"Д.Цэдэв “Улаан хамбан зодогт буюу тавын даваа” туужаас үндэсний ижилсэл буюу монгол
хүний зан заншил, сэтгэл зүйн өвөрмөц онцлогийг илэрхийлсэн хэсгийг олоорой.","“Бид орон гэрээ сахина. Та нар зорьсон хэргээ сэтгэлчлэн бүтээгээд ирээрэй” гэж аав
нь хэлэв.","Он цагийн урсгал дунд чи минь, одоо хаана ч алга! Гэвч чи минь сэтгэлээр гутахгүй
тэмцэн хатуужихын ид шидийг наддаа заяажээ.","Аян жин хийнэ гэдэг чинь мөнгө олж, баяжихын нэр юм уу? Мөн ч нялхаараа байна
даа, та нар! гэж сургамжилжээ.","Дийлэгдэшгүй их хүчтэй байг гэж ар зоо далбаанд нь бар, арсланг ноцолдууланхан
барилдууланхан шаглав.",Хэнтийн их хөвч дундуур нэвт гарсан замаар үдшийн бүрэнхийгээр шогшуулж явна.,D,mongolian
13,"Д.Нацагдорж “Учиртай гурван толгой” жүжгийн дараах хэсгүүдийн аль нь дарлагдагч ангийн
тэмцлийг харуулж байна вэ?","Гэртээ хариад яах вэ дээ?
Хэнийг гэж очих буй даа?
Харгис Балган дор баригдсанаас
Хээр үхсэн нь дээр дээ.","Эд хөрөнгө ч элбэг бий
Эхнэр авахыг эрсэн юм
Эеэр эс болбоос
Эзний зарлиг дор хүргэнэ!","Хүний арьсыг нөмөрсөн
Хээрийн галзуу чоно чи
Хүзүү толгой үргэлж байхад
Чи намайг боолчлох үгүй.","Гаргаж өгсөн өдрөөс чинь
Харгис хүн тохиолдлоо
Гартаа оруулж авах гэхэд нь
Ганцхан чамайг харуулдлаа.","Хоёр бие учирлаа даа!
Хойчийн зовлон гайгүй биз дээ
Элдэв дарлах гэвэл дээ
Эр чадлаар тэмцэнэ.",C,mongolian
14,"Д.Нацагдорж “Учиртай гурван толгой” жүжгийн хэсгийг уншаад, дотоод орчноос дүрийн сэтгэл
хөдлөлийг тодорхойлоорой.
Галуу шувуу хүртэл
Ганганаж гунганаад буцаж байна
Хайртай амраг Юндэн минь
Харьж ирэх үгүй яав.",сэтгэл догдолсон,сэтгэл гуньсан,сэтгэлээр унасан,сэтгэл сэмэрсэн, сэтгэл хоргодсон,B,mongolian
15,"Д.Нацагдорж “Учиртай гурван толгой” жүжгийн дараах хэсгээс дүрийн ямар хэв шинж илэрч байна вэ?
Хас чулууны өнгийг
Харлуулж юу ч чадах үгүй
Хайртай амраг хүнийг
Хагацуулж хэн ч дийлэх үгүй.",итгэлтэй найдвартай,шударга журамтай,үнэнч зоримог,эрэмгий түрэмгий,хичээнгүй дайчин,C,mongolian
16,"Ч.Дагвадорж “Шувуун зэл” шүлгийн
“Торойх цэг,
Тодорсоор, бүдгэрсээр, тодорсоор
Тоонон дээгүүр шувуун зэл
Ганганасаар, гунганасаар, ганганасаар” хэсэгт айзам хэмнэлийг тааруулахдаа зохиогч
найруулгын ямар уран хэрэглүүр ашигласан байна вэ?",санааг гүнзгийрүүлэн давтсан давталт, аажмаар өсгөн дүрсэлсэн ахиулал,тэгш хэлбэрээр дүрсэлсэн зэрэгцүүлэл,эсрэг тэсрэгийг сөргөцүүлсэн харшуулал,урнаар анхааруулсан уран анхааруулал,B,mongolian
17,Бүгд дүрслэх язгуураас бүтсэн хэсгийг олоорой.,"сортолзох, нүдлэх, дангинах ","хугалах, цоорох, гэмтэх","хархирах, харжигнах, няцлах","гэдийх, сийчих, мэлтийх","арзайх, шоржигнох, түгших",D,mongolian
18,"Цэгийн оронд тохирохыг сонгоно уу.
Өгүүлэгчийн сандарсан, түгдэрсэн байдлыг илэрхийлэхдээ ..................... тавина."," таслалтай зураас (,-)",богино зураас (-),цэгтэй таслал (;),давхар цэг (:) ,цуваа цэг (…),E,mongolian
19,Утгын нэгэн зүйлчлэлд хамаарах хэсгийг олоорой.,"хромосом, ген, эс, бөөм","доллар, иен, бонд, фунт","хурд, хүч, чадал, магадлал","арилжаа, нийлүүлэлт, үүсвэр","орлуулал, цээрлэл, нэгдэл",A,mongolian
20,Төрөл үгээс бүрдсэн хэсгийг олоорой.,"эрчим, эрэлхэг, эрэгчин, эрэл","үзвэр, үзэмж, үзүүр, үзлэг","ухаан, ухааж, ухаарал, ухвар","зорц, зоргол, зорогч, зоруул","зогсоо, зогсоц, зогьсолт",C,mongolian
21,Үгийн сангийн онцлогоороо ялгаатай нь аль вэ?,"дэн буудал, тойн, лагшин","богц, багц, ариутган шүүгч","их хориг, өртөө, гүнцэг, зоог","оточ, манцуй, хувилахуй ухаан","хамтрал, атрын аян, нөхөр",D,mongolian
22,Дараах үгсээс аль нь нутгийн аялгууны үг вэ?,зайран,богц,жас,боохой,гос,E,mongolian
23,Хоёр гишүүнт бүтэцтэй холбоо үгийг олоорой.,Улс төрд хүчин зүтгэх ,Агтны бийд газар үзэх,Эрхийг сурахаар бэрхийг сурах ,Сонин сэтгүүлээ хурдан хэвлэх,Багшийн заавраар хичээл давтах,A,mongolian
24,"Бүтээврийн нийлцийг зөв холбон бичсэн хэсгийг олоорой.
Амьтан+ы орогнох оромжийг үүр гэж ерөнхийд нь нэр+л+дэг. Ойд байх олон сая шоргоолж
зөөлөн шороог бөмбийл+вөл/бөл үүрээ зассаны шинж.","Амьтны, нэрлэдэг, бөмбийлвөл","Амьтаны, нэрлэдэг, бөмбийлбөл","Амьтаны, нэрэлдэг, бөмбийлвөл","Амьтны, нэрлэдэг, бөмбийлбөл","Амьтны, нэрэлдэг, бөмбийлбөл",D,mongolian
25,"Гадаад үгэнд харьяалахын тийн ялгалын “-ийн, -ын” нөхцөлийг зөв дагуулан бичсэн хэсгийг
олоорой.","клубийн, брокерийн, тактикийн","клубын, брокерын, тактикын","клубийн, брокерын, тактикийн","клубын, брокерийн, тактикын","клубийн, брокерын, тактикын",C,mongolian
26,Үгсийг утгаар нь зөв ялган бичсэнийг олоорой.,"хойд тууль, үлгэр туйл","хойд туйл, үлгэр тууль","хүрзний эш, иш татах","хүрзний иш, иш татах","эш татах, хойд тууль",B,mongolian
27,Ч.Лодойдамба “Алтайд” туужийн дараах хэсгүүдийн аль нь нийгмийн хам сэдвийг илтгэх вэ?,"Геологичид энэ хоёр өдрийн дотор нөгөө л цахилгаантай газрын орчим л ажилласан
ба гэвч урьдахаасаа өөр юм олж үзэж чадсангүй.","Чингисийн цэрэг баруун тийш довтлох үед хэсэг цэрэг Алтайн нуруунд аянгад цохиулж
үхсэн ба Зэв мөн тусгай баатруудыг уг газарт очуулсан нь бас үхжээ.","Улиастайд байсан шоронд хоёр сар гаруй болоод, хэдэн хүмүүсийн хамт оргож гараад,
жингийн зам тосож, Хятадын юм дээрэмдэн явжээ.","Га авгай босго алхмагц зогсоод малгайгаа авч бүгдийг бөхөлзөн амарчлахад дагз дээр
нь ширэлдсэн буурал гэзэгний тав нь модолзоно.",Галдан өвгөний энгэр дээр сайн малчны тэмдэг бас хэд хэдэн одон медаль гялалзана.,C,mongolian
28,"Ч.Лодойдамба “Алтайд” туужийн доорх нөхцөл байдлаас Галданг хэрхэн дүгнэж болох вэ?
Галдан бол залуудаа говийн нэртэй анчин байгаад сүүлдээ багийн дарга, нэгдлийн дарга зэрэг ажил хийгээд ан хийхээс нэлээд тасарсан хүн юм. Залуудаа бол 4-5 тэмээтэй яваад л
түүндээ зээр, аргаль, янгирын мах дааж
ядтал ачаад ирдэг хүн байсан юм. Нутгийн олондоо ихээхэн хүндтэй болоод ардууд түүнийг Га авгай гэж нэрлэдэг хүн юм. Га авгай бол нэгдэлд ороод хэдэн жил болж байгаа бөгөөд одоо нэгдлийнхээ тэргүүлэгч гишүүн юм. Бас нэгдлийн тэмээ хариулах зэргээр Га авгай нэгдэлдээ чадах ядахаараа ажлаа үргэлж хийдэг хүн билээ.",Бага залуугаасаа л нутаг усныхандаа хүндлэгдсэн төлөв төвшин хүн.,Алив бүх ажлыг хийж чаддаг сэргэлэн зангийнхаа ачаар амжилттай яваа хүн.,Залуугаасаа нэртэй анчин байсныхаа нөлөөгөөр нэгдэлдээ тэргүүлж буй хүн.,Ажилч хөдөлмөрч байсныхаа ачаар үр шимийг нь хүртэж яваа хүн.,Ажлын арга эвийг олсон хашир туршлагатай нутгийн хүн.,D,mongolian
29,"Ч.Лодойдамба “Алтайд” туужаас үндэсний ижилсэл буюу монгол хүний зан заншил, сэтгэл зүйн өвөрмөц онцлогийг илэрхийлсэн хэсгийг олоорой.","Гадаа морьдын тургих, манаанд гарсан Идэрийн хааяа хааяа исгэрэхээс өөр чимээ
бас л үгүй нам гүм байлаа.","Дамдин “Зүрх хайрхан” гэж заахдаа долоовор хуруу нь тэнгэрийн хаяанаас нэлээд
дээгүүр чиглэв.","Авдрууд дээр юу ч тавиагүй бөгөөд зүүн талд нь навтгар ор зассаны өмнө элгээ хүрсэн
цагаан сахалтай ханхар цээжтэй өвгөн цай ууж сууна.","Алтай нь манай эх орны нуруунуудын хамгийн урт нь бөгөөд хамгийн өндөр оргилтой
нь юм.","«Лус савдгийн буюу бурхны орон харагдаж магад, хэрэв харагдах юм бол заяа буян
дэлгэрэх болно» гэж бодоод тэмээнээсээ буув.",E,mongolian
30,"Б.Лхагвасүрэн “Тамгагүй төр” жүжгийн дараах хэсгүүдийн аль нь хаан төр ариун байх ёстойг
харуулж байна вэ?","Хүннү төрийн тамгыг барих
Хүнгүй болчихоор нь
Хоёр сүүн уулын цаана
Хорин улаан горхины газар булчихсан."," Эгэрэг өрлөг надад хэлэхдээ
Эцгийгээ үхэхээр чи
Эхтэйгээ гэрлэнэ гэж хэлсэн
Эрхэт төрийн ёс тийм гэсэн.","Арав алхахад найм нь алдаа
Адасга мэт араншинтай
Хүний нүд жавраар хайрсан
Хүүтэй юм байна, чи бид хоёр.","Тэнгэрийн дор нэг л хаан
Өөрийнхөө он цагийг элээж
Өнгөрсөн хойно нь их орыг
Өөр нэгэн нэхдэг нь учиртай."," Та бид хоёр үг таргалуулж суугаад яах вэ
Тамгаа өгчих
Сэтгэлээ барихыг хүсье
Сэнтийг чинь бол бөгс минь олоод суучихна.",A,mongolian
31,"Б.Лхагвасүрэн “Тамгагүй төр” жүжгийн хэсгийг уншаад, дотоод орчноос дүрийн сэтгэл
хөдлөлийг тодорхойлоорой.
Хамгийн сүүлчийн удаа
Хаан гэдгээ мартан өлмийд чинь сөгдье.
Эцсийн удаа гишгэсэн газрын чинь
Эсгэсэн шороог би ус шиг залгилъя.",сэтгэл нялхарсан,сэтгэл догдолсон,сэтгэл дэнсэлсэн,сэтгэл уярсан,сэтгэл хоргодсон,A,mongolian
32,"Б.Лхагвасүрэн “Тамгагүй төр” жүжгийн дараах хэсгээс дүрийн ямар хэв шинж илэрч байна вэ?
Эрт гундсан үзэсгэлэн чинь
Хааны дурыг гутааж
Элэгнээс чинь унасан үрд чинь
Хаан болохын заяаг дутаасан
Хяслын энэ орчлонгоос
Хариугаа би авна.",эзлэн түрэмгийлсэн,дээрэлхэж бардамнасан,өширхөж дайсагнасан,эр чадалдаа эрэмшсэн,басамжлан бардсан,C,mongolian
33,"Ч.Дагвадорж “Шувуун зэл” шүлгийн
“Үдэш, орой,
Үүр цүүрээр
Үүлэн цаанаас дэв дэвсээр ганганаж
Үргэлжлэн хошуурсан шувуун зэл” хэсэгт айзам хэмнэлийг тааруулахдаа зохиогч
найруулгын ямар уран хэрэглүүр ашигласан байна вэ? ",тэгш хэлбэрээр дүрсэлсэн зэрэгцүүлэл,санааг гүнзгийрүүлэн давтсан давталт,аажмаар өсгөн дүрсэлсэн ахиулал,эсрэг тэсрэгийг сөргөцүүлсэн харшуулал,хэлбэр өөр үгсийг сөөлжүүлсэн сөөлжүүлэл,C,mongolian
34,"Үүр (эсээ)
Үүрийн манан татчихаад, урд уул сүндэрлэнэ үү, тал цэлийнэ үү, мэдэгдэхгүй...
Өөрөөсөө асуунам: “Уулын оройд мацаж, алсын үзүүр харах эрхэм үү, хонхрын хормой хумьж, хотгор гүдгэрий нь нэгжих эрхэм үү?”
Дотроо бодном: “Аль алинд нь амьдын хугацаа хүрнэ гэж үү дээ? Хариу олоход хүний амьдрал ахардах ч юм шиг... Гэтэл хүний ахархан амьдрал шиг урт нь юу билээ дээ.
Наагуур бодоход, хязгааргүйн тасархай болсон хязгаар хүнийг хашна. Цаагуур бодтол,
хязгааргүй нь хязгаараасаа эхэлнэ. Хязгааргүйгээсээ тасарч төрсний учир, төрсөн элгээ татан эргэж нийлэх гэж үргэлж тэмүүлнэ. Хязгаарт юм ийнхүү хязгааргүйдээ очиж, гарваль язгууртаа орох, хязгааргүйгээ тэлж нийлэх гэж тэмүүлэх үргэлжийн тэмүүлэл л амьдрал юм шиг. Алив хязгаар ч юм уу хугацаа гэдэг инээж асуухад уйлж хариулах, уйлж асуухад инээж хариулах оньсого ч юм шиг. Оньсого гэдэг инээдтэй наадам. Таалгах хүн нь инээд хүрч суухад таах хүн нь бодолд хатаж сууна. Таалгасан хүн нь таагаагүйгээ худалдана! Үг бүхэндээ хариу нь булталзаастай тааварт хүн бүдэрч “худалдагдана!”
Оньсого гэдэг хариунаас нь хариулж асуусан асуулт шиг. Харин энэ амьдрал гэгч асуулт-оньсого л, зохиосон хүн нь хариугаа задлалгүй өөд болчихсон орь ганц тайлал үгүй оньсого шиг!... Хүн хүн дор дороо тааж, дор дороо хариу гаргаж, олсон хариуг нь хүн хүн дур дураараа няцааж, няцаахаар ч барахгүй ханцуй шамлалцаж, ханцуй шамлалцахаар ч барахгүй барилцан авч, барилцан авахаар барахгүй багалзуурдалцан зууралдаж, багалзуурдалцахаар барахгүй амь насаа юүлэлцэж, эцэс сүүлдээ эзгүй хоосонд арилах хохийн цондон татна!
Уулын оройд мацаж, алсын үзүүр ч хармаар, хонхрын хормой хумьж, хотгор гүдгэрийг нь ч нэгжмээр! Даанч хөөрхий, аугаа их амьдрал асар богино хугацаатай юм даа!
Үүрийн манан татчихаад урд уул сүндэрлэнэ үү, тал цэлийнэ үү, эс мэдэгдэнэ.
Үүр биш үдэш мэт бүрий нөмрөвч үүр гэсэндээ хаяа нь тэмдгэрнэ...
Д.Урианхай
Эхэд буй үгсийг утгатай нь зөв тохируулаарай.
1) цондон a. юман дээрх хотгор
2) гарваль b. маш, тун
3) хонхор c. богино
4) ахар d. тавилан, ёр
5) асар e. анхны, үүдэл","1b, 2e, 3a, 4c, 5d ","1d, 2e, 3a, 4c, 5b","1d, 2e, 3a, 4b, 5c","1d, 2b, 3e, 4a, 5c","1d, 2e, 3b, 4a, 5c",B,mongolian
35,"Үүр (эсээ)
Үүрийн манан татчихаад, урд уул сүндэрлэнэ үү, тал цэлийнэ үү, мэдэгдэхгүй...
Өөрөөсөө асуунам: “Уулын оройд мацаж, алсын үзүүр харах эрхэм үү, хонхрын хормой хумьж, хотгор гүдгэрий нь нэгжих эрхэм үү?”
Дотроо бодном: “Аль алинд нь амьдын хугацаа хүрнэ гэж үү дээ? Хариу олоход хүний амьдрал ахардах ч юм шиг... Гэтэл хүний ахархан амьдрал шиг урт нь юу билээ дээ.
Наагуур бодоход, хязгааргүйн тасархай болсон хязгаар хүнийг хашна. Цаагуур бодтол,
хязгааргүй нь хязгаараасаа эхэлнэ. Хязгааргүйгээсээ тасарч төрсний учир, төрсөн элгээ татан эргэж нийлэх гэж үргэлж тэмүүлнэ. Хязгаарт юм ийнхүү хязгааргүйдээ очиж, гарваль язгууртаа орох, хязгааргүйгээ тэлж нийлэх гэж тэмүүлэх үргэлжийн тэмүүлэл л амьдрал юм шиг. Алив хязгаар ч юм уу хугацаа гэдэг инээж асуухад уйлж хариулах, уйлж асуухад инээж хариулах оньсого ч юм шиг. Оньсого гэдэг инээдтэй наадам. Таалгах хүн нь инээд хүрч суухад таах хүн нь бодолд хатаж сууна. Таалгасан хүн нь таагаагүйгээ худалдана! Үг бүхэндээ хариу нь булталзаастай тааварт хүн бүдэрч “худалдагдана!”
Оньсого гэдэг хариунаас нь хариулж асуусан асуулт шиг. Харин энэ амьдрал гэгч асуулт-оньсого л, зохиосон хүн нь хариугаа задлалгүй өөд болчихсон орь ганц тайлал үгүй оньсого шиг!... Хүн хүн дор дороо тааж, дор дороо хариу гаргаж, олсон хариуг нь хүн хүн дур дураараа няцааж, няцаахаар ч барахгүй ханцуй шамлалцаж, ханцуй шамлалцахаар ч барахгүй барилцан авч, барилцан авахаар барахгүй багалзуурдалцан зууралдаж, багалзуурдалцахаар барахгүй амь насаа юүлэлцэж, эцэс сүүлдээ эзгүй хоосонд арилах хохийн цондон татна!
Уулын оройд мацаж, алсын үзүүр ч хармаар, хонхрын хормой хумьж, хотгор гүдгэрийг нь ч нэгжмээр! Даанч хөөрхий, аугаа их амьдрал асар богино хугацаатай юм даа!
Үүрийн манан татчихаад урд уул сүндэрлэнэ үү, тал цэлийнэ үү, эс мэдэгдэнэ.
Үүр биш үдэш мэт бүрий нөмрөвч үүр гэсэндээ хаяа нь тэмдгэрнэ...
Д.Урианхай
Эсээний хөтөч санаа аль нь вэ?","Үүрийн манан татчихаад, урд уул сүндэрлэнэ үү, тал цэлийнэ үү, мэдэгдэхгүй…","“Уулын оройд мацаж, алсын үзүүр харах эрхэм үү, хонхрын хормой хумьж, хотгор
гүдгэрийг нь нэгжих эрхэм үү?”","“Аль алинд нь амьдын хугацаа хүрнэ гэж үү дээ? Хариу олоход хүний амьдрал
ахардах ч юм шиг... Гэтэл хүний ахархан амьдрал шиг урт нь юу билээ дээ.","Наагуур бодоход, хязгааргүйн тасархай болсон хязгаар хүнийг хашна. Цаагуур бодтол,
хязгааргүй нь хязгаараасаа эхэлнэ.","Уулын оройд мацаж, алсын үзүүр ч хармаар, хонхрын хормой хумьж, хотгор гүдгэрийг
нь ч нэгжмээр!",C,mongolian
36,"Үүр (эсээ)
Үүрийн манан татчихаад, урд уул сүндэрлэнэ үү, тал цэлийнэ үү, мэдэгдэхгүй...
Өөрөөсөө асуунам: “Уулын оройд мацаж, алсын үзүүр харах эрхэм үү, хонхрын хормой хумьж, хотгор гүдгэрий нь нэгжих эрхэм үү?”
Дотроо бодном: “Аль алинд нь амьдын хугацаа хүрнэ гэж үү дээ? Хариу олоход хүний амьдрал ахардах ч юм шиг... Гэтэл хүний ахархан амьдрал шиг урт нь юу билээ дээ.
Наагуур бодоход, хязгааргүйн тасархай болсон хязгаар хүнийг хашна. Цаагуур бодтол,
хязгааргүй нь хязгаараасаа эхэлнэ. Хязгааргүйгээсээ тасарч төрсний учир, төрсөн элгээ татан эргэж нийлэх гэж үргэлж тэмүүлнэ. Хязгаарт юм ийнхүү хязгааргүйдээ очиж, гарваль язгууртаа орох, хязгааргүйгээ тэлж нийлэх гэж тэмүүлэх үргэлжийн тэмүүлэл л амьдрал юм шиг. Алив хязгаар ч юм уу хугацаа гэдэг инээж асуухад уйлж хариулах, уйлж асуухад инээж хариулах оньсого ч юм шиг. Оньсого гэдэг инээдтэй наадам. Таалгах хүн нь инээд хүрч суухад таах хүн нь бодолд хатаж сууна. Таалгасан хүн нь таагаагүйгээ худалдана! Үг бүхэндээ хариу нь булталзаастай тааварт хүн бүдэрч “худалдагдана!”
Оньсого гэдэг хариунаас нь хариулж асуусан асуулт шиг. Харин энэ амьдрал гэгч асуулт-оньсого л, зохиосон хүн нь хариугаа задлалгүй өөд болчихсон орь ганц тайлал үгүй оньсого шиг!... Хүн хүн дор дороо тааж, дор дороо хариу гаргаж, олсон хариуг нь хүн хүн дур дураараа няцааж, няцаахаар ч барахгүй ханцуй шамлалцаж, ханцуй шамлалцахаар ч барахгүй барилцан авч, барилцан авахаар барахгүй багалзуурдалцан зууралдаж, багалзуурдалцахаар барахгүй амь насаа юүлэлцэж, эцэс сүүлдээ эзгүй хоосонд арилах хохийн цондон татна!
Уулын оройд мацаж, алсын үзүүр ч хармаар, хонхрын хормой хумьж, хотгор гүдгэрийг нь ч нэгжмээр! Даанч хөөрхий, аугаа их амьдрал асар богино хугацаатай юм даа!
Үүрийн манан татчихаад урд уул сүндэрлэнэ үү, тал цэлийнэ үү, эс мэдэгдэнэ.
Үүр биш үдэш мэт бүрий нөмрөвч үүр гэсэндээ хаяа нь тэмдгэрнэ...
Д.Урианхай
“Оньсого гэдэг хариунаас нь хариулж асуусан асуулт шиг.” толгой өгүүлбэрийг дэмжих
өгүүлбэр аль вэ?","Алив хязгаар ч юм уу хугацаа гэдэг инээж асуухад уйлж хариулах, уйлж асуухад инээж
хариулах оньсого ч юм шиг.",Оньсого гэдэг инээдтэй наадам. Таалгах хүн нь инээд хүрч суухад таах хүн нь бодолд хатаж сууна.,"Таалгасан хүн нь таагаагүйгээ худалдана! Үг бүхэндээ хариу нь булталзаастай тааварт
хүн бүдэрч “худалдагдана!”","Харин энэ амьдрал гэгч асуулт-оньсого л, зохиосон хүн нь хариугаа задлалгүй өөд болчихсон орь ганц тайлал үгүй оньсого шиг!...","Хязгаарт юм ийнхүү хязгааргүйдээ очиж, гарваль язгууртаа орох, хязгааргүйгээ тэлж
нийлэх гэж тэмүүлэх үргэлжийн тэмүүлэл л амьдрал юм шиг.",D,mongolian
37,"Үүр (эсээ)
Үүрийн манан татчихаад, урд уул сүндэрлэнэ үү, тал цэлийнэ үү, мэдэгдэхгүй...
Өөрөөсөө асуунам: “Уулын оройд мацаж, алсын үзүүр харах эрхэм үү, хонхрын хормой хумьж, хотгор гүдгэрий нь нэгжих эрхэм үү?”
Дотроо бодном: “Аль алинд нь амьдын хугацаа хүрнэ гэж үү дээ? Хариу олоход хүний амьдрал ахардах ч юм шиг... Гэтэл хүний ахархан амьдрал шиг урт нь юу билээ дээ.
Наагуур бодоход, хязгааргүйн тасархай болсон хязгаар хүнийг хашна. Цаагуур бодтол,
хязгааргүй нь хязгаараасаа эхэлнэ. Хязгааргүйгээсээ тасарч төрсний учир, төрсөн элгээ татан эргэж нийлэх гэж үргэлж тэмүүлнэ. Хязгаарт юм ийнхүү хязгааргүйдээ очиж, гарваль язгууртаа орох, хязгааргүйгээ тэлж нийлэх гэж тэмүүлэх үргэлжийн тэмүүлэл л амьдрал юм шиг. Алив хязгаар ч юм уу хугацаа гэдэг инээж асуухад уйлж хариулах, уйлж асуухад инээж хариулах оньсого ч юм шиг. Оньсого гэдэг инээдтэй наадам. Таалгах хүн нь инээд хүрч суухад таах хүн нь бодолд хатаж сууна. Таалгасан хүн нь таагаагүйгээ худалдана! Үг бүхэндээ хариу нь булталзаастай тааварт хүн бүдэрч “худалдагдана!”
Оньсого гэдэг хариунаас нь хариулж асуусан асуулт шиг. Харин энэ амьдрал гэгч асуулт-оньсого л, зохиосон хүн нь хариугаа задлалгүй өөд болчихсон орь ганц тайлал үгүй оньсого шиг!... Хүн хүн дор дороо тааж, дор дороо хариу гаргаж, олсон хариуг нь хүн хүн дур дураараа няцааж, няцаахаар ч барахгүй ханцуй шамлалцаж, ханцуй шамлалцахаар ч барахгүй барилцан авч, барилцан авахаар барахгүй багалзуурдалцан зууралдаж, багалзуурдалцахаар барахгүй амь насаа юүлэлцэж, эцэс сүүлдээ эзгүй хоосонд арилах хохийн цондон татна!
Уулын оройд мацаж, алсын үзүүр ч хармаар, хонхрын хормой хумьж, хотгор гүдгэрийг нь ч нэгжмээр! Даанч хөөрхий, аугаа их амьдрал асар богино хугацаатай юм даа!
Үүрийн манан татчихаад урд уул сүндэрлэнэ үү, тал цэлийнэ үү, эс мэдэгдэнэ.
Үүр биш үдэш мэт бүрий нөмрөвч үүр гэсэндээ хаяа нь тэмдгэрнэ...
Д.Урианхай
“Алив хязгаар ч юм уу хугацаа гэдэг инээж асуухад уйлж хариулах, уйлж асуухад инээж
хариулах оньсого ч юм шиг” хэмээсний учир юу вэ?",Таалгасан хүн нь таагаагүйгээ худалддаг учраас,Таалгах хүн нь инээд хүрч суухад таах хүн нь бодолд хатаж суудаг учраас,Оньсого гэдэг хариунаас нь хариулж асуусан асуулт шиг учраас,Оньсого гэдэг инээдтэй наадам учраас,Үг бүхэндээ хариу нь булталзаастай тааварт хүн бүдэрч худалдагддаг учраас,E,mongolian
38,"Үүр (эсээ)
Үүрийн манан татчихаад, урд уул сүндэрлэнэ үү, тал цэлийнэ үү, мэдэгдэхгүй...
Өөрөөсөө асуунам: “Уулын оройд мацаж, алсын үзүүр харах эрхэм үү, хонхрын хормой хумьж, хотгор гүдгэрий нь нэгжих эрхэм үү?”
Дотроо бодном: “Аль алинд нь амьдын хугацаа хүрнэ гэж үү дээ? Хариу олоход хүний амьдрал ахардах ч юм шиг... Гэтэл хүний ахархан амьдрал шиг урт нь юу билээ дээ.
Наагуур бодоход, хязгааргүйн тасархай болсон хязгаар хүнийг хашна. Цаагуур бодтол,
хязгааргүй нь хязгаараасаа эхэлнэ. Хязгааргүйгээсээ тасарч төрсний учир, төрсөн элгээ татан эргэж нийлэх гэж үргэлж тэмүүлнэ. Хязгаарт юм ийнхүү хязгааргүйдээ очиж, гарваль язгууртаа орох, хязгааргүйгээ тэлж нийлэх гэж тэмүүлэх үргэлжийн тэмүүлэл л амьдрал юм шиг. Алив хязгаар ч юм уу хугацаа гэдэг инээж асуухад уйлж хариулах, уйлж асуухад инээж хариулах оньсого ч юм шиг. Оньсого гэдэг инээдтэй наадам. Таалгах хүн нь инээд хүрч суухад таах хүн нь бодолд хатаж сууна. Таалгасан хүн нь таагаагүйгээ худалдана! Үг бүхэндээ хариу нь булталзаастай тааварт хүн бүдэрч “худалдагдана!”
Оньсого гэдэг хариунаас нь хариулж асуусан асуулт шиг. Харин энэ амьдрал гэгч асуулт-оньсого л, зохиосон хүн нь хариугаа задлалгүй өөд болчихсон орь ганц тайлал үгүй оньсого шиг!... Хүн хүн дор дороо тааж, дор дороо хариу гаргаж, олсон хариуг нь хүн хүн дур дураараа няцааж, няцаахаар ч барахгүй ханцуй шамлалцаж, ханцуй шамлалцахаар ч барахгүй барилцан авч, барилцан авахаар барахгүй багалзуурдалцан зууралдаж, багалзуурдалцахаар барахгүй амь насаа юүлэлцэж, эцэс сүүлдээ эзгүй хоосонд арилах хохийн цондон татна!
Уулын оройд мацаж, алсын үзүүр ч хармаар, хонхрын хормой хумьж, хотгор гүдгэрийг нь ч нэгжмээр! Даанч хөөрхий, аугаа их амьдрал асар богино хугацаатай юм даа!
Үүрийн манан татчихаад урд уул сүндэрлэнэ үү, тал цэлийнэ үү, эс мэдэгдэнэ.
Үүр биш үдэш мэт бүрий нөмрөвч үүр гэсэндээ хаяа нь тэмдгэрнэ...
Д.Урианхай
Эсээнд дэвшүүлсэн асуудал аль нь вэ?",Амьдралын мөн чанарыг таних тухай,Амьдрал анх эхэлсэн цэгтээ дуусдаг тухай,Хүний амьдрал тааварлашгүй байдаг тухай,Хязгааргүй зүйл гэж байдаггүй тухай,Амьдрал бол үл мэдэгдэх оньсого шиг байдаг тухай,A,mongolian
39,"Үүр (эсээ)
Үүрийн манан татчихаад, урд уул сүндэрлэнэ үү, тал цэлийнэ үү, мэдэгдэхгүй...
Өөрөөсөө асуунам: “Уулын оройд мацаж, алсын үзүүр харах эрхэм үү, хонхрын хормой хумьж, хотгор гүдгэрий нь нэгжих эрхэм үү?”
Дотроо бодном: “Аль алинд нь амьдын хугацаа хүрнэ гэж үү дээ? Хариу олоход хүний амьдрал ахардах ч юм шиг... Гэтэл хүний ахархан амьдрал шиг урт нь юу билээ дээ.
Наагуур бодоход, хязгааргүйн тасархай болсон хязгаар хүнийг хашна. Цаагуур бодтол,
хязгааргүй нь хязгаараасаа эхэлнэ. Хязгааргүйгээсээ тасарч төрсний учир, төрсөн элгээ татан эргэж нийлэх гэж үргэлж тэмүүлнэ. Хязгаарт юм ийнхүү хязгааргүйдээ очиж, гарваль язгууртаа орох, хязгааргүйгээ тэлж нийлэх гэж тэмүүлэх үргэлжийн тэмүүлэл л амьдрал юм шиг. Алив хязгаар ч юм уу хугацаа гэдэг инээж асуухад уйлж хариулах, уйлж асуухад инээж хариулах оньсого ч юм шиг. Оньсого гэдэг инээдтэй наадам. Таалгах хүн нь инээд хүрч суухад таах хүн нь бодолд хатаж сууна. Таалгасан хүн нь таагаагүйгээ худалдана! Үг бүхэндээ хариу нь булталзаастай тааварт хүн бүдэрч “худалдагдана!”
Оньсого гэдэг хариунаас нь хариулж асуусан асуулт шиг. Харин энэ амьдрал гэгч асуулт-оньсого л, зохиосон хүн нь хариугаа задлалгүй өөд болчихсон орь ганц тайлал үгүй оньсого шиг!... Хүн хүн дор дороо тааж, дор дороо хариу гаргаж, олсон хариуг нь хүн хүн дур дураараа няцааж, няцаахаар ч барахгүй ханцуй шамлалцаж, ханцуй шамлалцахаар ч барахгүй барилцан авч, барилцан авахаар барахгүй багалзуурдалцан зууралдаж, багалзуурдалцахаар барахгүй амь насаа юүлэлцэж, эцэс сүүлдээ эзгүй хоосонд арилах хохийн цондон татна!
Уулын оройд мацаж, алсын үзүүр ч хармаар, хонхрын хормой хумьж, хотгор гүдгэрийг нь ч нэгжмээр! Даанч хөөрхий, аугаа их амьдрал асар богино хугацаатай юм даа!
Үүрийн манан татчихаад урд уул сүндэрлэнэ үү, тал цэлийнэ үү, эс мэдэгдэнэ.
Үүр биш үдэш мэт бүрий нөмрөвч үүр гэсэндээ хаяа нь тэмдгэрнэ...
Д.Урианхай
Эсээний гол санааг илэрхийлэх түлхүүр өгүүлбэрийг олоорой.","Даанч хөөрхий, аугаа их амьдрал асар богино хугацаатай юм даа!","Хязгаарт юм ийнхүү хязгааргүйдээ очиж, гарваль язгууртаа орох, хязгааргүйгээ тэлж
нийлэх гэж тэмүүлэх үргэлжийн тэмүүлэл л амьдрал юм шиг.","Харин энэ амьдрал гэгч асуулт-оньсого л, зохиосон хүн нь хариугаа задлалгүй өөд
болчихсон орь ганц тайлал үгүй оньсого шиг!...","Үүрийн манан татчихаад, урд уул сүндэрлэнэ үү, тал цэлийнэ үү, эс мэдэгдэнэ.","Уулын оройд мацаж, алсын үзүүр ч хармаар, хонхрын хормой хумьж, хотгор гүдгэрийг
нь ч нэгжмээр!",A,mongolian
40,"Үүр (эсээ)
Үүрийн манан татчихаад, урд уул сүндэрлэнэ үү, тал цэлийнэ үү, мэдэгдэхгүй...
Өөрөөсөө асуунам: “Уулын оройд мацаж, алсын үзүүр харах эрхэм үү, хонхрын хормой хумьж, хотгор гүдгэрий нь нэгжих эрхэм үү?”
Дотроо бодном: “Аль алинд нь амьдын хугацаа хүрнэ гэж үү дээ? Хариу олоход хүний амьдрал ахардах ч юм шиг... Гэтэл хүний ахархан амьдрал шиг урт нь юу билээ дээ.
Наагуур бодоход, хязгааргүйн тасархай болсон хязгаар хүнийг хашна. Цаагуур бодтол,
хязгааргүй нь хязгаараасаа эхэлнэ. Хязгааргүйгээсээ тасарч төрсний учир, төрсөн элгээ татан эргэж нийлэх гэж үргэлж тэмүүлнэ. Хязгаарт юм ийнхүү хязгааргүйдээ очиж, гарваль язгууртаа орох, хязгааргүйгээ тэлж нийлэх гэж тэмүүлэх үргэлжийн тэмүүлэл л амьдрал юм шиг. Алив хязгаар ч юм уу хугацаа гэдэг инээж асуухад уйлж хариулах, уйлж асуухад инээж хариулах оньсого ч юм шиг. Оньсого гэдэг инээдтэй наадам. Таалгах хүн нь инээд хүрч суухад таах хүн нь бодолд хатаж сууна. Таалгасан хүн нь таагаагүйгээ худалдана! Үг бүхэндээ хариу нь булталзаастай тааварт хүн бүдэрч “худалдагдана!”
Оньсого гэдэг хариунаас нь хариулж асуусан асуулт шиг. Харин энэ амьдрал гэгч асуулт-оньсого л, зохиосон хүн нь хариугаа задлалгүй өөд болчихсон орь ганц тайлал үгүй оньсого шиг!... Хүн хүн дор дороо тааж, дор дороо хариу гаргаж, олсон хариуг нь хүн хүн дур дураараа няцааж, няцаахаар ч барахгүй ханцуй шамлалцаж, ханцуй шамлалцахаар ч барахгүй барилцан авч, барилцан авахаар барахгүй багалзуурдалцан зууралдаж, багалзуурдалцахаар барахгүй амь насаа юүлэлцэж, эцэс сүүлдээ эзгүй хоосонд арилах хохийн цондон татна!
Уулын оройд мацаж, алсын үзүүр ч хармаар, хонхрын хормой хумьж, хотгор гүдгэрийг нь ч нэгжмээр! Даанч хөөрхий, аугаа их амьдрал асар богино хугацаатай юм даа!
Үүрийн манан татчихаад урд уул сүндэрлэнэ үү, тал цэлийнэ үү, эс мэдэгдэнэ.
Үүр биш үдэш мэт бүрий нөмрөвч үүр гэсэндээ хаяа нь тэмдгэрнэ...
Д.Урианхай
“Хүн хүн дор дороо тааж, хариу гаргаж, олсон хариуг нь хүн хүн дур дураараа няцааж,
няцаахаар ч барахгүй ханцуй шамлалцаж, ханцуй шамлалцахаар ч барахгүй барилцан авч... эцэс сүүлдээ эзгүй хоосонд арилах хохийн цондон татна!” гэсэн хэсэгт зохиогч санаагаа хэрхэн гаргасан байна вэ?","Сэтгэлийн өнгө аяс, санаагаа анхааруулан сануулсан","Төстэй хэлбэрээр, тэгш эрхтэйгээр зэрэгцүүлсэн","Санаагаа аажмаар өсгөн дүрсэлж, хүч нэмэн ахиулсан",Эсрэг тэсрэг санааг сөргөцүүлэн дүрсэлж харшуулсан,Ижил төстэй үгсийг салаавчлан бичиж сөөлжүүлсэн,C,mongolian
41,"Үүр (эсээ)
Үүрийн манан татчихаад, урд уул сүндэрлэнэ үү, тал цэлийнэ үү, мэдэгдэхгүй...
Өөрөөсөө асуунам: “Уулын оройд мацаж, алсын үзүүр харах эрхэм үү, хонхрын хормой хумьж, хотгор гүдгэрий нь нэгжих эрхэм үү?”
Дотроо бодном: “Аль алинд нь амьдын хугацаа хүрнэ гэж үү дээ? Хариу олоход хүний амьдрал ахардах ч юм шиг... Гэтэл хүний ахархан амьдрал шиг урт нь юу билээ дээ.
Наагуур бодоход, хязгааргүйн тасархай болсон хязгаар хүнийг хашна. Цаагуур бодтол,
хязгааргүй нь хязгаараасаа эхэлнэ. Хязгааргүйгээсээ тасарч төрсний учир, төрсөн элгээ татан эргэж нийлэх гэж үргэлж тэмүүлнэ. Хязгаарт юм ийнхүү хязгааргүйдээ очиж, гарваль язгууртаа орох, хязгааргүйгээ тэлж нийлэх гэж тэмүүлэх үргэлжийн тэмүүлэл л амьдрал юм шиг. Алив хязгаар ч юм уу хугацаа гэдэг инээж асуухад уйлж хариулах, уйлж асуухад инээж хариулах оньсого ч юм шиг. Оньсого гэдэг инээдтэй наадам. Таалгах хүн нь инээд хүрч суухад таах хүн нь бодолд хатаж сууна. Таалгасан хүн нь таагаагүйгээ худалдана! Үг бүхэндээ хариу нь булталзаастай тааварт хүн бүдэрч “худалдагдана!”
Оньсого гэдэг хариунаас нь хариулж асуусан асуулт шиг. Харин энэ амьдрал гэгч асуулт-оньсого л, зохиосон хүн нь хариугаа задлалгүй өөд болчихсон орь ганц тайлал үгүй оньсого шиг!... Хүн хүн дор дороо тааж, дор дороо хариу гаргаж, олсон хариуг нь хүн хүн дур дураараа няцааж, няцаахаар ч барахгүй ханцуй шамлалцаж, ханцуй шамлалцахаар ч барахгүй барилцан авч, барилцан авахаар барахгүй багалзуурдалцан зууралдаж, багалзуурдалцахаар барахгүй амь насаа юүлэлцэж, эцэс сүүлдээ эзгүй хоосонд арилах хохийн цондон татна!
Уулын оройд мацаж, алсын үзүүр ч хармаар, хонхрын хормой хумьж, хотгор гүдгэрийг нь ч нэгжмээр! Даанч хөөрхий, аугаа их амьдрал асар богино хугацаатай юм даа!
Үүрийн манан татчихаад урд уул сүндэрлэнэ үү, тал цэлийнэ үү, эс мэдэгдэнэ.
Үүр биш үдэш мэт бүрий нөмрөвч үүр гэсэндээ хаяа нь тэмдгэрнэ...
Д.Урианхай
“Таалгасан хүн нь таагаагүйгээ худалдана!” өгүүлбэрийг зөв тодорхойлоорой.","Зэрэгцэх, угсрах холбооноос бүтсэн холимог нийлмэл өгүүлбэр",Тодотгол гишүүн өгүүлбэртэй угсарсан нийлмэл өгүүлбэр,Шууд тусагдахуун гишүүн өгүүлбэртэй угсарсан нийлмэл өгүүлбэр,Олон гишүүн өгүүлбэртэй угсарсан нийлмэл өгүүлбэр,"Зэрэгцэх, харилцан угсрах холбооноос бүтсэн холимог нийлмэл өгүүлбэр",D,mongolian
42,"Үүр (эсээ)
Үүрийн манан татчихаад, урд уул сүндэрлэнэ үү, тал цэлийнэ үү, мэдэгдэхгүй...
Өөрөөсөө асуунам: “Уулын оройд мацаж, алсын үзүүр харах эрхэм үү, хонхрын хормой хумьж, хотгор гүдгэрий нь нэгжих эрхэм үү?”
Дотроо бодном: “Аль алинд нь амьдын хугацаа хүрнэ гэж үү дээ? Хариу олоход хүний амьдрал ахардах ч юм шиг... Гэтэл хүний ахархан амьдрал шиг урт нь юу билээ дээ.
Наагуур бодоход, хязгааргүйн тасархай болсон хязгаар хүнийг хашна. Цаагуур бодтол,
хязгааргүй нь хязгаараасаа эхэлнэ. Хязгааргүйгээсээ тасарч төрсний учир, төрсөн элгээ татан эргэж нийлэх гэж үргэлж тэмүүлнэ. Хязгаарт юм ийнхүү хязгааргүйдээ очиж, гарваль язгууртаа орох, хязгааргүйгээ тэлж нийлэх гэж тэмүүлэх үргэлжийн тэмүүлэл л амьдрал юм шиг. Алив хязгаар ч юм уу хугацаа гэдэг инээж асуухад уйлж хариулах, уйлж асуухад инээж хариулах оньсого ч юм шиг. Оньсого гэдэг инээдтэй наадам. Таалгах хүн нь инээд хүрч суухад таах хүн нь бодолд хатаж сууна. Таалгасан хүн нь таагаагүйгээ худалдана! Үг бүхэндээ хариу нь булталзаастай тааварт хүн бүдэрч “худалдагдана!”
Оньсого гэдэг хариунаас нь хариулж асуусан асуулт шиг. Харин энэ амьдрал гэгч асуулт-оньсого л, зохиосон хүн нь хариугаа задлалгүй өөд болчихсон орь ганц тайлал үгүй оньсого шиг!... Хүн хүн дор дороо тааж, дор дороо хариу гаргаж, олсон хариуг нь хүн хүн дур дураараа няцааж, няцаахаар ч барахгүй ханцуй шамлалцаж, ханцуй шамлалцахаар ч барахгүй барилцан авч, барилцан авахаар барахгүй багалзуурдалцан зууралдаж, багалзуурдалцахаар барахгүй амь насаа юүлэлцэж, эцэс сүүлдээ эзгүй хоосонд арилах хохийн цондон татна!
Уулын оройд мацаж, алсын үзүүр ч хармаар, хонхрын хормой хумьж, хотгор гүдгэрийг нь ч нэгжмээр! Даанч хөөрхий, аугаа их амьдрал асар богино хугацаатай юм даа!
Үүрийн манан татчихаад урд уул сүндэрлэнэ үү, тал цэлийнэ үү, эс мэдэгдэнэ.
Үүр биш үдэш мэт бүрий нөмрөвч үүр гэсэндээ хаяа нь тэмдгэрнэ...
Д.Урианхай
Аль нь хэлц өгүүлбэр вэ?","Хүн хүн дор дороо тааж, дор дороо хариу гаргана.",Оньсого гэдэг хариунаас нь хариулж асуусан асуулт шиг.,"Үүрийн манан татчихаад, урд уул сүндэрлэнэ үү, тал цэлийнэ үү.",Амьдрал асар богино хугацаатай юм даа.,Үг бүхэндээ хариу нь булталзаастай тааварт хүн бүдэрч худалдагдана.,E,mongolian
43,"Үүр (эсээ)
Үүрийн манан татчихаад, урд уул сүндэрлэнэ үү, тал цэлийнэ үү, мэдэгдэхгүй...
Өөрөөсөө асуунам: “Уулын оройд мацаж, алсын үзүүр харах эрхэм үү, хонхрын хормой хумьж, хотгор гүдгэрий нь нэгжих эрхэм үү?”
Дотроо бодном: “Аль алинд нь амьдын хугацаа хүрнэ гэж үү дээ? Хариу олоход хүний амьдрал ахардах ч юм шиг... Гэтэл хүний ахархан амьдрал шиг урт нь юу билээ дээ.
Наагуур бодоход, хязгааргүйн тасархай болсон хязгаар хүнийг хашна. Цаагуур бодтол,
хязгааргүй нь хязгаараасаа эхэлнэ. Хязгааргүйгээсээ тасарч төрсний учир, төрсөн элгээ татан эргэж нийлэх гэж үргэлж тэмүүлнэ. Хязгаарт юм ийнхүү хязгааргүйдээ очиж, гарваль язгууртаа орох, хязгааргүйгээ тэлж нийлэх гэж тэмүүлэх үргэлжийн тэмүүлэл л амьдрал юм шиг. Алив хязгаар ч юм уу хугацаа гэдэг инээж асуухад уйлж хариулах, уйлж асуухад инээж хариулах оньсого ч юм шиг. Оньсого гэдэг инээдтэй наадам. Таалгах хүн нь инээд хүрч суухад таах хүн нь бодолд хатаж сууна. Таалгасан хүн нь таагаагүйгээ худалдана! Үг бүхэндээ хариу нь булталзаастай тааварт хүн бүдэрч “худалдагдана!”
Оньсого гэдэг хариунаас нь хариулж асуусан асуулт шиг. Харин энэ амьдрал гэгч асуулт-оньсого л, зохиосон хүн нь хариугаа задлалгүй өөд болчихсон орь ганц тайлал үгүй оньсого шиг!... Хүн хүн дор дороо тааж, дор дороо хариу гаргаж, олсон хариуг нь хүн хүн дур дураараа няцааж, няцаахаар ч барахгүй ханцуй шамлалцаж, ханцуй шамлалцахаар ч барахгүй барилцан авч, барилцан авахаар барахгүй багалзуурдалцан зууралдаж, багалзуурдалцахаар барахгүй амь насаа юүлэлцэж, эцэс сүүлдээ эзгүй хоосонд арилах хохийн цондон татна!
Уулын оройд мацаж, алсын үзүүр ч хармаар, хонхрын хормой хумьж, хотгор гүдгэрийг нь ч нэгжмээр! Даанч хөөрхий, аугаа их амьдрал асар богино хугацаатай юм даа!
Үүрийн манан татчихаад урд уул сүндэрлэнэ үү, тал цэлийнэ үү, эс мэдэгдэнэ.
Үүр биш үдэш мэт бүрий нөмрөвч үүр гэсэндээ хаяа нь тэмдгэрнэ...
Д.Урианхай
“Үүрийн манан татчихаад, урд уул сүндэрлэнэ үү, тал цэлийнэ үү, эс мэдэгдэнэ.” өгүүлбэрийг
салаалан хувиргасан нь аль вэ?","Үүрийн манан татчихаад, уул сүндэрлэнэ үү, тал цэлийнэ үү, эс мэдэгдэнэ.","Үүрийн манан татчихаад, урд тал цэлийнэ үү, уул сүндэрлэнэ үү, эс мэдэгдэнэ..","Үүрийн манан татчихаад, урд уул хад сүндэрлэнэ үү, тал цэлийнэ үү, эс мэдэгдэнэ.","Үүрийн манан татчихаад, урд уул дүнхийнэ үү, тал цэлийнэ үү, эс мэдэгдэнэ.","Үүрийн манан татчихаад, урд уул сүндэрлэнэ үү, тал хөндий цэлийнэ үү, эс мэдэгдэнэ.",D,mongolian
44,"Үүр (эсээ)
Үүрийн манан татчихаад, урд уул сүндэрлэнэ үү, тал цэлийнэ үү, мэдэгдэхгүй...
Өөрөөсөө асуунам: “Уулын оройд мацаж, алсын үзүүр харах эрхэм үү, хонхрын хормой хумьж, хотгор гүдгэрий нь нэгжих эрхэм үү?”
Дотроо бодном: “Аль алинд нь амьдын хугацаа хүрнэ гэж үү дээ? Хариу олоход хүний амьдрал ахардах ч юм шиг... Гэтэл хүний ахархан амьдрал шиг урт нь юу билээ дээ.
Наагуур бодоход, хязгааргүйн тасархай болсон хязгаар хүнийг хашна. Цаагуур бодтол,
хязгааргүй нь хязгаараасаа эхэлнэ. Хязгааргүйгээсээ тасарч төрсний учир, төрсөн элгээ татан эргэж нийлэх гэж үргэлж тэмүүлнэ. Хязгаарт юм ийнхүү хязгааргүйдээ очиж, гарваль язгууртаа орох, хязгааргүйгээ тэлж нийлэх гэж тэмүүлэх үргэлжийн тэмүүлэл л амьдрал юм шиг. Алив хязгаар ч юм уу хугацаа гэдэг инээж асуухад уйлж хариулах, уйлж асуухад инээж хариулах оньсого ч юм шиг. Оньсого гэдэг инээдтэй наадам. Таалгах хүн нь инээд хүрч суухад таах хүн нь бодолд хатаж сууна. Таалгасан хүн нь таагаагүйгээ худалдана! Үг бүхэндээ хариу нь булталзаастай тааварт хүн бүдэрч “худалдагдана!”
Оньсого гэдэг хариунаас нь хариулж асуусан асуулт шиг. Харин энэ амьдрал гэгч асуулт-оньсого л, зохиосон хүн нь хариугаа задлалгүй өөд болчихсон орь ганц тайлал үгүй оньсого шиг!... Хүн хүн дор дороо тааж, дор дороо хариу гаргаж, олсон хариуг нь хүн хүн дур дураараа няцааж, няцаахаар ч барахгүй ханцуй шамлалцаж, ханцуй шамлалцахаар ч барахгүй барилцан авч, барилцан авахаар барахгүй багалзуурдалцан зууралдаж, багалзуурдалцахаар барахгүй амь насаа юүлэлцэж, эцэс сүүлдээ эзгүй хоосонд арилах хохийн цондон татна!
Уулын оройд мацаж, алсын үзүүр ч хармаар, хонхрын хормой хумьж, хотгор гүдгэрийг нь ч нэгжмээр! Даанч хөөрхий, аугаа их амьдрал асар богино хугацаатай юм даа!
Үүрийн манан татчихаад урд уул сүндэрлэнэ үү, тал цэлийнэ үү, эс мэдэгдэнэ.
Үүр биш үдэш мэт бүрий нөмрөвч үүр гэсэндээ хаяа нь тэмдгэрнэ...
Д.Урианхай
“Харин энэ амьдрал гэгч асуулт-оньсого л, зохиосон хүн нь хариугаа задлалгүй өөд болчихсон орь ганц тайлал үгүй оньсого шиг” өгүүлбэр дэх “харин” хэмээх холбоос эхэд ямар утга, үүргээр орсон байна вэ?","эсрэгцүүлэх утгыг зааж, зэрэгцүүлэн холбох үүргээр","онцлох утгыг зааж, эсрэгцүүлэн холбох үүргээр","зэрэгцүүлэх утгыг зааж, эсрэгцүүлэн холбох үүргээр","лавшруулах утгыг зааж, төлөөлөн холбох үүргээр","ялгах утгыг зааж, төлөөлөн холбох үүргээр",A,mongolian
45,"Үүр (эсээ)
Үүрийн манан татчихаад, урд уул сүндэрлэнэ үү, тал цэлийнэ үү, мэдэгдэхгүй...
Өөрөөсөө асуунам: “Уулын оройд мацаж, алсын үзүүр харах эрхэм үү, хонхрын хормой хумьж, хотгор гүдгэрий нь нэгжих эрхэм үү?”
Дотроо бодном: “Аль алинд нь амьдын хугацаа хүрнэ гэж үү дээ? Хариу олоход хүний амьдрал ахардах ч юм шиг... Гэтэл хүний ахархан амьдрал шиг урт нь юу билээ дээ.
Наагуур бодоход, хязгааргүйн тасархай болсон хязгаар хүнийг хашна. Цаагуур бодтол,
хязгааргүй нь хязгаараасаа эхэлнэ. Хязгааргүйгээсээ тасарч төрсний учир, төрсөн элгээ татан эргэж нийлэх гэж үргэлж тэмүүлнэ. Хязгаарт юм ийнхүү хязгааргүйдээ очиж, гарваль язгууртаа орох, хязгааргүйгээ тэлж нийлэх гэж тэмүүлэх үргэлжийн тэмүүлэл л амьдрал юм шиг. Алив хязгаар ч юм уу хугацаа гэдэг инээж асуухад уйлж хариулах, уйлж асуухад инээж хариулах оньсого ч юм шиг. Оньсого гэдэг инээдтэй наадам. Таалгах хүн нь инээд хүрч суухад таах хүн нь бодолд хатаж сууна. Таалгасан хүн нь таагаагүйгээ худалдана! Үг бүхэндээ хариу нь булталзаастай тааварт хүн бүдэрч “худалдагдана!”
Оньсого гэдэг хариунаас нь хариулж асуусан асуулт шиг. Харин энэ амьдрал гэгч асуулт-оньсого л, зохиосон хүн нь хариугаа задлалгүй өөд болчихсон орь ганц тайлал үгүй оньсого шиг!... Хүн хүн дор дороо тааж, дор дороо хариу гаргаж, олсон хариуг нь хүн хүн дур дураараа няцааж, няцаахаар ч барахгүй ханцуй шамлалцаж, ханцуй шамлалцахаар ч барахгүй барилцан авч, барилцан авахаар барахгүй багалзуурдалцан зууралдаж, багалзуурдалцахаар барахгүй амь насаа юүлэлцэж, эцэс сүүлдээ эзгүй хоосонд арилах хохийн цондон татна!
Уулын оройд мацаж, алсын үзүүр ч хармаар, хонхрын хормой хумьж, хотгор гүдгэрийг нь ч нэгжмээр! Даанч хөөрхий, аугаа их амьдрал асар богино хугацаатай юм даа!
Үүрийн манан татчихаад урд уул сүндэрлэнэ үү, тал цэлийнэ үү, эс мэдэгдэнэ.
Үүр биш үдэш мэт бүрий нөмрөвч үүр гэсэндээ хаяа нь тэмдгэрнэ...
Д.Урианхай
“Урд уул сүндэрлэнэ үү, тал цэлийнэ үү” нийлмэл өгүүлбэр хэрхэн холбогдсон байна вэ?",аялгаар,нөхцөлөөр,асуух утгат үгээр,нөхцөл ба үгээр,үгийн үндсээр,A,mongolian
46,"Үүр (эсээ)
Үүрийн манан татчихаад, урд уул сүндэрлэнэ үү, тал цэлийнэ үү, мэдэгдэхгүй...
Өөрөөсөө асуунам: “Уулын оройд мацаж, алсын үзүүр харах эрхэм үү, хонхрын хормой хумьж, хотгор гүдгэрий нь нэгжих эрхэм үү?”
Дотроо бодном: “Аль алинд нь амьдын хугацаа хүрнэ гэж үү дээ? Хариу олоход хүний амьдрал ахардах ч юм шиг... Гэтэл хүний ахархан амьдрал шиг урт нь юу билээ дээ.
Наагуур бодоход, хязгааргүйн тасархай болсон хязгаар хүнийг хашна. Цаагуур бодтол,
хязгааргүй нь хязгаараасаа эхэлнэ. Хязгааргүйгээсээ тасарч төрсний учир, төрсөн элгээ татан эргэж нийлэх гэж үргэлж тэмүүлнэ. Хязгаарт юм ийнхүү хязгааргүйдээ очиж, гарваль язгууртаа орох, хязгааргүйгээ тэлж нийлэх гэж тэмүүлэх үргэлжийн тэмүүлэл л амьдрал юм шиг. Алив хязгаар ч юм уу хугацаа гэдэг инээж асуухад уйлж хариулах, уйлж асуухад инээж хариулах оньсого ч юм шиг. Оньсого гэдэг инээдтэй наадам. Таалгах хүн нь инээд хүрч суухад таах хүн нь бодолд хатаж сууна. Таалгасан хүн нь таагаагүйгээ худалдана! Үг бүхэндээ хариу нь булталзаастай тааварт хүн бүдэрч “худалдагдана!”
Оньсого гэдэг хариунаас нь хариулж асуусан асуулт шиг. Харин энэ амьдрал гэгч асуулт-оньсого л, зохиосон хүн нь хариугаа задлалгүй өөд болчихсон орь ганц тайлал үгүй оньсого шиг!... Хүн хүн дор дороо тааж, дор дороо хариу гаргаж, олсон хариуг нь хүн хүн дур дураараа няцааж, няцаахаар ч барахгүй ханцуй шамлалцаж, ханцуй шамлалцахаар ч барахгүй барилцан авч, барилцан авахаар барахгүй багалзуурдалцан зууралдаж, багалзуурдалцахаар барахгүй амь насаа юүлэлцэж, эцэс сүүлдээ эзгүй хоосонд арилах хохийн цондон татна!
Уулын оройд мацаж, алсын үзүүр ч хармаар, хонхрын хормой хумьж, хотгор гүдгэрийг нь ч нэгжмээр! Даанч хөөрхий, аугаа их амьдрал асар богино хугацаатай юм даа!
Үүрийн манан татчихаад урд уул сүндэрлэнэ үү, тал цэлийнэ үү, эс мэдэгдэнэ.
Үүр биш үдэш мэт бүрий нөмрөвч үүр гэсэндээ хаяа нь тэмдгэрнэ...
Д.Урианхай
“Таалгах хүн нь инээд хүрч суухад таах хүн нь бодолд хатаж сууна.” өгүүлбэр дэх “хатаж”
хэмээх үг эхэд ямар утгаар орсон байна вэ?",санаашрах бодлогошрох ,эргэцүүлэх тунгаах,зовох шаналах ,таах таамаглах,эргэлзэх тээнэгэлзэх,C,mongolian