Question	A	B	C	D	E
Цэгийн оронд тохирох хариултыг сонгоорой. 	Нийгэмшилтийн адилсал	Нийгэмшилтийн агент	Нийгмийн байр суурь	Нийгмийн бүтэц	Нийгэмшилт
“Нэг хэсэг байр суурь нь бусдаас илүү чухал бөгөөд өндөр ур чадварыг шаарддаг, хүмүүсийн сонирхлыг татахын зэрэгцээ илүү хүндлэл хүлээж байдаг” гэж аль онолын ямар эрдэмтэн үзсэн бэ? 	Шүүмжлэлт онол – К.Маркс	Бүтэц чиг үүргийн онол – Т.Парсонс	Бүтэц чиг үүргийн онол – Э.Дюркгейм	Бүтэц чиг үүргийн онол – Дэвис, Мур	Индивидуалист онол – Ж.Мид, Ж.Линд
Эдийн засгийн институтийн үүрэгт хамаарах ойлголтуудыг сонгоно уу. 	1, 2, 4	1, 3, 5	1, 5, 6	2, 5, 6	2, 4, 5
Нийгмийн давхраажилтын хэв маягуудын нэг болох “Боолчлол”-ын тухай ойлголтуудын аль хэсгийн, ямар дараалалд алдаа байгааг олоорой. 	1-р хэсэг – А; 2-р хэсэг – Б	1-р хэсэг – В; 2-р хэсэг – Б	1-р хэсэг – Б; 2-р хэсэг – А	1-р хэсэг – А; 2-р хэсэг – В	1-р хэсэг – А; 2-р хэсэг – А
Дараах ойлголтуудаас чанарын судалгаанд аль нь хамаарах вэ? 	1, 4	2, 3	3, 5	4, 5	2, 4
Дараах хүснэгтээс нэлэнхүй судалгааны жишээ болон тодорхойлолтыг олно уу. 	a-1, b-2	a-2, b-2	a-3, b-1	a-2, b-1	a-1, b-3
Мэдээлэл цуглуулах аргуудыг тохирох өгөгдөлтэй нь зөв харгалзуулна уу.	a2, b3, c5	а3, b2, c5	a2, b3, c4	a3, b1, c4	а5, b4, c1
Ураг төрлийн холбоонд тулгуурлахаа больж, төр үүсэж, бичиг үсэг хэрэглэх болж мөнгөн гүйлгээ ашиглах болсон нийгмийн байгуулал аль нь вэ? 	Ан агнуурын нийгэм	Газар тариалангийн нийгэм	Цэцэрлэг аж ахуйн нийгэм	Аж үйлдвэржсэн нийгэм	Аж үйлдвэржсэний дараах нийгэм
Т.Билтон нарын тодорхойлсон “Уламжлалт буюу аж үйлдвэржилтээс өмнөх нийгэм”-ийн шинжүүдийг олоорой. 	4, 5	3, 4	1, 5	2, 3	2, 5
Соёлын бүрдэл элементүүдийн нэг болох “Үнэлэмж”-ийн тухай жишээг олоорой. 	Ард Аюушийн хөшөө, Чингис хааны хөшөө	Үлгэр домог, шашин, урлаг, шинжлэх ухаан	Дэг журам, хууль дүрэм, ёс заншил	Тэмдэглэсэн үг, өгүүлбэр, бичвэр, дохио зангаа	Шударга ёс, хүний эрх, эрдэм боловсрол
“Үнэлэмжийн баримжаа” гэсэн ойлголтын тухай тайлбарыг олоорой. 	Нийгэмд үйлчилж байдаг хэм хэмжээг эзэмшсэнээс хүмүүс амьдралын чиг баримжаагаа олж авдаг.	Бид аливаа үйл явдал, үзэл санааг дэмжих, буруутгах, шүүмжлэх, магтах зэргээр янз бүрээр үнэлж, дүгнэж байдаг.	Хүмүүс үзэл санаа, итгэл үнэмшил, ёс суртахууны хувьд харилцан адилгүй сонголт хийдэг.	Өмнөх үеийг бүтээсэн нийгэм-соёлын уламжлалыг өвлүүлэх нь нийгмийн оршихуйн үндэс юм.	Зохистой сайхан хувцаслахаас эхлээд муу үйл үйлдэж болохгүй гэх зэрэг өргөн агуулгатай.
Сонгодог соёлд хамаарах жишээг олоорой. 	1, 3, 5	1, 5, 6	1, 2, 4	2, 5, 6	3, 5, 6
Соёлын өвийн тухай ойлголтуудын аль хэсгийн, ямар дараалалд алдаа байгааг олоорой. 	2-р хэсэг – А	1-р хэсэг – А	2-р хэсэг – Б	1-р хэсэг – Б	1-р хэсэг – А; 2-р хэсэг - Б
Монгол улс “Соёлын үйлдвэрлэл” үндэсний хөтөлбөрийг эхэлсэн. Энэхүү хөтөлбөрт тусгасан хэсгийг олоорой. 	1-р хэсэг – А; 2-р хэсэг - Б	1-р хэсэг – А; 2-р хэсэг – А	1-р хэсэг – Б; 2-р хэсэг – А	1-р хэсэг – Б; 2-р хэсэг – Б	1-р хэсэг – А; 1-р хэсэг – Б
Цэгийн оронд тохирох хариултыг сонгоорой. 	Монголчууд шинэ жилийн баяр тэмдэглэх болсон	Зохисгүй хэрэглээ, авлига, гэмт хэрэг ихсэх	Нуур цөөрөм ширгэх, цөлжилт явагдах	Буруу хэвшил, шударга бус явдал ихсэх	Өндөр хэрэглээнд хэт их ач холбогдол өгөх
1Цэгийн оронд тохирох хариултыг сонгоорой. 	соёлын даяаршил	соёлын үйлдвэрлэл	соёлын адилсал	соёлын дархлаа	соёлын нэвчилт
Соёлын эрх чөлөөний зөрчих хандлагыг сонгоорой. 	2, 3	1, 5	1, 4	2, 5	4, 5
Дараах тохиолдлыг уншаад “Харь соёлд дасан зохицох үе шат”-ын аль үе шат дээр явж буйг тодорхойлоорой. 	F-үе шат	E-үе шат	C-үе шат	V-үе шат	A-үе шат
Цэгийн оронд тохирох хариултыг сонгоорой. 	Брокер	Хувьцаа	Хувьцааны ханш	Хөрөнгийн бирж	Бонд
Бүтцийн ажилгүйдлийн жишээг олно уу. 	“F” корпорацын хөрөнгө оруулалт буурсантай холбоотой томоохон уурхай хаагдаж уурхайчид ажлаа алдсан.	Д-н цалин нь амьдралд хүрэлцэхгүй байгаа тул өөр өндөр цалинтай ажил хайхаар ажлаасаа гарсан.	А-н нөхөр нийслэлд ажиллахаар томилогдсон тул А нь хотод ирээд хэсэг ажилгүй болсон.	Г нь барилга дээр ажилладаг ч өвлийн улиралд ажил нь түр хугацаагаар зогссон тул хугацаагаар ажилгүй байгаа.	Д хүссэн ажлаа хийхийн тулд гадаад хэл (Герман, Англи) суралцахаар ажлаас завсардсан.
Бизнесийн төлөвлөгөөний бүтэц, үе шатын нэг болох “Санхүүгийн тооцоо” хэсэгт хамаарч буй ойлголтыг олоорой. 	2, 4	1, 6	3, 5	2, 6	1, 3
Хүснэгт дэх мэдээллээс Ф.Хайекын үзэл баримтлалыг олоорой.	1-р хэсэг – Б; 2-р хэсэг – А	1-р хэсэг – А; 2-р хэсэг – А	1-р хэсэг – А; 1-р хэсэг – Б	1-р хэсэг – Б; 2-р хэсэг – Б	1-р хэсэг – А; 2-р хэсэг - Б
2023 онд Монгол улсын экспорт нь 710 тэрбум төгрөг, импорт нь 620 тэрбум төгрөг байсан бол тус оны МУ-ын гадаад худалдааны тэнцлийг тооцоолно уу. 	-90	90	-1330	1330	1240
Мөнгөний үндсэн шинжид аль нь хамаарах вэ? 	Хуримтлалын хэрэгсэл	Төлбөрийн хэрэгсэл	Өртгийн хэмжүүр	Авч явахад хялбар байх	Арилжааны буюу гүйлгээний хэрэгсэл
Иргэн Б сард 1 сая 500 мянган төгрөгний цалин авдаг. Захирал нь урамшуулал болгон түүний цалинг 200 мянган төгрөгөөр нэмэгдүүлэх шийдвэр гаргасан. Гэтэл энэ үед бараа үйлчилгээний үнийн түвшин 12 хувиар өссөн. Энэ тохиолдолд түүний бодит цалин хэд вэ? 	1,931,818 төгрөг	1,539,285 төгрөг	1,520,000 төгрөг	1,339,285 төгрөг	1,517,857 төгрөг
Хөдөлмөрийн зах зээлд цалингийн түвшин 300 мянган төгрөг болж өсөхөд хөдөлмөрийн нийлүүлэлт 200 нэгж байсан. Энэ үед хөдөлмөрийн эрэлт 400 нэгж байхад ямар үзэгдэл бий болох вэ? 	Ажиллах хүчний хомсдол бий болно (200 нэгжээр буурсан)	Ажиллах хүчний илүүдэл бий болно (200 нэгжээр өснө)	Ажиллах хүчний хомсдол бий болно (300 нэгжээр буурсан)	Ажиллах хүчний илүүдэл бий болно (300 нэгжээр өснө)	Ажиллах хүчний илүүдэл бий болно (600 нэгжээр өссөн)
ДНБ-ий өсөлтийг онуудаар харуулж буй хүснэгтийг ажиглаад “Абсолют цэвэр өсөлт” болон “Өсөлтийн хурд”-ыг тооцоолоорой. 	a-2,900,0; b-1.13	a-113; b-2,900,0	a-1.13; b-2,900,0	a-2,900,0; b-13	a-2,900,0; b-113
Цэгийн оронд тохирох хариултыг сонгоорой. 	Хэлэлцүүлэг	Танхим	Байнгын хороо	Хэвлэл мэдээлэл	Уулзалт
Цэгийн оронд тохирох хариултыг сонгоорой. 	1990 онд	1940 онд	1960 онд	1924 онд	1992 онд
“Төлөөллийн ардчилал” гэсэн ойлголтыг аль нь илэрхийлж байна вэ? 	Иргэдийн улс төрд оролцох идэвх, сонирхол өсдөг ардчиллын хэлбэр.	Олон түмэн өөрөө өөрийгөө удирдаж, иргэн бүрийг төрийн хэрэгт оролцуулдаг хэлбэр	Аливаа асуудлаар бүх иргэн саналаа илэрхийлэх боломжтой байдаг хэлбэр	Хэн нэгэн хүн хэтэрхий их эрх мэдэл эдлэхээс сэргийлдэг ардчиллын хэлбэр	Албан тушаалтныг сонгож, түүгээр дамжуулж засаглалыг хэрэгжүүлэх хэлбэр
1990 оны дараах төрийн бодлогуудыг сонгоорой. 	1-р хэсэг – А; 2-р хэсэг - Б	1-р хэсэг – А; 1-р хэсэг – Б	1-р хэсэг – Б; 2-р хэсэг – А	1-р хэсэг – А; 2-р хэсэг – А	1-р хэсэг – Б; 2-р хэсэг – Б
Д.Истоны улс төрийн системийн оролтын нэг болох “Бодит дэмжлэг” гэсэн ойлголтыг аль нь илэрхийлж байна вэ? 	Татвар төлөх, төрийн болон цэргийн алба хаших, хууль дүрмийг дагаж мөрдөх	Төрийн бодлогын тодорхой илрэл болсон төрийн хууль тогтоомж, мэдээлэл гэх мэт	Нийгмийн хурцадмал, тогтворгүй байдлыг арилгах гол механизмын үүргийг гүйцэтгэдэг	Улс төрийн систем, түүнийг хүрээлэн байгаа экологи, соёл зэрэг янз бүрийн тулгалтууд	Аль нэг нам, нэр дэвшигчийн төлөө санал өгөх, шийдвэрийг дэмжиж буйгаа илэрхийлэх
Мэдээлэл харилцааны дэд системд тохирох өгөгдлийг сонгоно уу 	3, 4	1, 5	1, 4	2, 5	2, 4
“Улс төр бол эрх мэдэлд хүрэх, эрх мэдлийг тогтоон барьж байх ба ашиг хонжоо олохын тулд эрх мэдлийг ашигладаг албадлагын арга хэрэгслийн цогц юм” гэж хэн үзсэн бэ? 	Истон	Макиавелли	Локк	Монтеське	Даль
Ардчилсан сонгуулийн бүх нийтээр оролцох зарчмыг аль нь илэрхийлж байна вэ? 	Songogч бүр ижил тооны санал гаргах эрхтэй бөгөөд санал бүр адил жинтэй байх	Нас, хүйс, яс үндэс, гарал угсаа зэрэг үзэл бодлоос үл шалтгаалан бүгд оролцдог байх	Сонгуулийн үр дүн нь зөвхөн иргэдийн санал хураалтын үр дүнгээр шийдэгддэг байх	Сонгуульд оролцохдоо чөлөөтэй сонголтоо хийн, саналаа чөлөөтэй илэрхийлдэг байх	Сонгогч ямар нэгэн дарамт шахалтгүйгээр өөрийн үзэмжээр саналаа өгдөг байх
Улс төрийн намын нийгэмд гүйцэтгэх үүрэгт аль аль нь хамаарах вэ? 	1-р хэсэг – А; 1-р хэсэг – Б	1-р хэсэг – А; 2-р хэсэг - Б	1-р хэсэг – А; 2-р хэсэг – А	1-р хэсэг – Б; 2-р хэсэг – Б	1-р хэсэг – Б; 2-р хэсэг – А
Хувийн эрх ашгийн төлөө бус, бүлгийн буюу нийтийн ашиг сонирхлыг илэрхийлэх зорилгоор иргэдээс сайн дураараа үүсгэн байгуулсан байгууллага, хөдөлгөөнийг юу гэж нэрлэдэг вэ? 	Шахалтын бүлэг	Улс төрийн нам	Лобби бүлэг	Сонирхлын бүлэг	Аномик бүлэг
Төр бол “левиафан” юм. Энэ нь дараах эрдэмтдийн хэнийх нь үзэл баримтлал вэ? 	Ж.Руссо	Л.Актон	Р.Нозик	Ж. Локк	Т.Гоббс
Доорх ойлголтуудаас хүний эрхэм чанарт аль нь хамаарахгүй вэ? 	Хүний эрхэм чанар нь заяагдмал бус шинжтэй.	Хүний эрхэм чанар нь хүн бүрд адилхан байдаг.	Хүнээс хүний эрхэм чанарыг нь салгаж болдоггүй.	Хүний эрхэм чанарт халдаж болохгүй.	Хүний эрхэм чанар нь үл хэмжигдэх үнэт зүйл.
Ажил олгогч нь иргэн Б-г ажлаас чөлөөлөх үндэслэлтэй юу? 	B хөдөлмөрийн сахилгын зөрчлийг давтан гаргасан тул хөдөлмөрийн харилцааг шууд зогсоож болно.	B нь хөдөлмөрийн сахилгын зөрчил гаргасан тул ажил олгогч ажилтанг ажлаас чөлөөлөх үндэслэл гаргах боломжгүй.	B нь хөдөлмөрийн сахилгын зөрчлийг ноцтой зөрчөөгүй бол хэдэн ч удаа зөрчил гаргах үндэслэлтэй.	Ажил олгогч нь ажилтанг ажлаас чөлөөлөхдөө хөдөлмөрийн тухай хуулийн 53-р зүйлийг баримталж чөлөөлөх ёстой.	Ажил олгогч нь ажилтанг ажлаас чөлөөлөхдөө үндсэн тухай хуулийн 16-р зүйлийг баримталж чөлөөлөх ёстой.
Иргэн Б-д “UB” корпораци илүү цагийн хөлсийг олгох ёстой юу? 	Тухайн сарын ажлын бүх өдөр илүү цагаар ажиллавал хөдөлмөрийн тухай хуулийн 53-р зүйлийн 1-д зааснаар илүү цагийн хөлсийг олгох ёстой.	Удирдлагын хэлтсийн санаачилгаар илүү цагаар ажилласан тул илүү цагаар ажилласанд тооцдоггүй.	“UB” корпорац нь үндэстэн дамнасан корпорац учир илүү цагийн мөнгийг монголын хөдөлмөрийн тухай хуулиар олгодоггүй.	Ажил олгогчийн санаачилгаар хэтрүүлэн ажиллахыг илүү цагаар ажилласанд тооцдог тул илүү цагийн хөлс олгох ёстой.	7 хоногт 40 цаг хүртэл ажилласан бол хөдөлмөрийн тухай хуулийн 53-р зүйлийн 1-д зааснаар илүү цагийн хөлсийг олгох ёстой.
Хэрвээ иргэн Б нь жирэмсэн байсан бол жирэмсэн болон амаржсаны тэтгэмжийг цалингийн хэдэн хувиар тооцон нийгмийн даатгалын сангаас авах ёстой вэ? 	10 сарын цалингийн дунджийг 100 хувиар тооцож 4 сарын цалин авна.	12 сарын цалингийн дунджийг 70 хувиар тооцож 4 сарын цалин авна.	12 сарын цалингийн дунджийг 100 хувиар тооцож 4 сарын цалин авна.	10 сарын цалингийн дунджийг 70 хувиар тооцож 4 сарын цалин авна.	3 сарын цалингийн дунджийг 70 хувиар тооцож 4 сарын цалин авна.
Захиргааны актын агуулгын шаардлагад хамааралгүй ойлголтыг олно уу. 	2-р хэсгийн Б	2-р хэсгийн А	1-р хэсгийн А	1-р хэсгийн Б	2-р хэсгийн А, Б
Захиргааны шийтгэлд хамаарах жишээнүүдийг сонгоно уу. 	2, 4	1, 4	3, 4	2, 5	1, 5
“Ул үндэстэй авч үзэх юм бол эрх гэж байхгүй зөвхөн “өмчлөх эрх” л байдаг гэж хэн үзсэн бэ? 	Ф.Бастиа	Э.Дюркгейм	Р.Нозик	Н.Ротбард	Т.Гоббс
Өмчлөх эрх үүсэх хуульд заасан үндэслэлүүдийг олоорой. 	Эд хөрөнгө нийлж, холилдох, гээгдэл эд хөрөнгийг олж авах	Ирээдүйд эд хөрөнгө худалдах, худалдан авах гэрээ	Авто тээврийн хэрэгслийг зөвшөөрөлгүйгээр авч явах	Нотариатч, улсын бүртгэгч өмчлөлийн эрхийг зөрчих	Алдаатай гүйлгээ, андуурагдсан илгээмж, адуу мал завших
Улсын Их Хурлын үйл ажиллагааны тухай ойлголтуудын аль хэсгийн, ямар дараалалд алдаа байгааг олоорой. 	1-р хэсэг – Б; 2-р хэсэг – Б	1-р хэсэг – А; 2-р хэсэг - Б	1-р хэсэг – А; 1-р хэсэг – Б	1-р хэсэг – А; 2-р хэсэг – А	1-р хэсэг – Б; 2-р хэсэг – А
Олон улсын улс төр, эрх зүй, эдийн засаг, соёлын зэрэг олон талт харилцаанд гадаад бодлогоороо дамжуулан оролцох үйл ажиллагааны цар хүрээ, нөлөөллөөр тодорхойлогддог ойлголтыг юу гэж нэрлэдэг вэ? 	Иргэн олон улсын харилцааны оролцогч	Олон улсын харилцаанд оролцох нөлөө	Олон улсын харилцаанд оролцох үүрэг	Олон улсын харилцаа	Олон улсын харилцаанд оролцох үйл ажиллагааны чиглэл
Олон улсын харилцааны улс бус оролцогчдод аль нь хамаарахгүй вэ? 	Нөлөө бүхий хувь хүн	Олон улсын байгууллага	Шашны байгууллага	Бүрэн эрхт улс	Террорист байгууллага
Цэгийн оронд тохирох хариултыг сонгоорой. 	ССTV	СВС	NHK	SBS	CNN
Дунд улсын тухай мэдээлэл нь аль хэсгийн, ямар дараалалд алдаагүй байгааг олоорой. 	2-р хэсэг –Б ; 1-р хэсэг –Б	1-р хэсэг – А; 2-р хэсэг –Б	1-р хэсэг – Б; 2-р хэсэг –А	2-р хэсэг – А; 2-р хэсэг –Б	1-р хэсэг – А; 2-р хэсэг –А
Аль хэсгийн ямар дараалалд зөөлөн хүчний төрлүүдийг дурдсан байна вэ? 	1-р хэсэг – А; 2-р хэсэг –Б	2-р хэсэг –Б ; 1-р хэсэг –Б	1-р хэсэг – Б; 2-р хэсэг –А	2-р хэсэг – А; 2-р хэсэг –Б	1-р хэсэг – А; 2-р хэсэг –А
Олон улсын байгууллагыг үйл ажиллагааны цар хүрээний ойлголтуудын аль хэсгийн, ямар дараалалд алдаа байгааг тодорхойлоорой. 	1-р хэсэг – А; 1-р хэсэг – Б	1-р хэсэг – А; 2-р хэсэг -  Б	1-р хэсэг – Б; 2-р хэсэг – Б	1-р хэсэг – А; 2-р хэсэг – А	1-р хэсэг – Б; 2-р хэсэг – А
Mazda, Wallmart, Еmart гэх мэт байгууллагууд нь улс бус оролцогчдын алинд нь хамаарах вэ? 	Олон улсын гэмт хэргийн сүлжээ	Олон улсын байгууллага	Олон улсын төрийн бус байгууллага	Үндэстэн дамнасан корпораци	Олон улсын хэвлэл мэдээллийн сүлжээ
Монгол улсын олон улсын хамтын нийгэмлэг дэх үйл ажиллагааны чиглэлийг зөв дараалалд оруулан эрэмбэлнэ үү? 	1e,2b,3a,4f,5d,6c	1e,2b,3f,4d,5a,6c	1b,2a,3f,4d,5c,6e	1b,2e,3f,4d,5a,6c	1b,2f,3d,4a,5c,6e
Хоёр хөрштэйгөө харилцах зарчмуудад аль нь хамаарахгүй вэ? 	Тэнцвэртэй, найрсаг	Хамтын ажиллагааны	Олон тулгуурт	Боловсролын	Стратегийн түншлэлийн